chapter,source,description
01,chapter,LIVE ANIMALS
01,heading,"Live horses, asses, mules and hinnies"
01,heading,Live bovine animals
01,heading,Live swine
01,heading,Live sheep and goats
01,heading,"Live poultry, that is to say, fowls of the species Gallus domesticus, ducks, geese, turkeys and guinea fowls"
01,heading,Other live animals
02,chapter,MEAT AND EDIBLE MEAT OFFAL
02,heading,"Meat of bovine animals, fresh or chilled"
02,heading,"Meat of bovine animals, frozen"
02,heading,"Meat of swine, fresh, chilled or frozen"
02,heading,"Meat of sheep or goats, fresh, chilled or frozen"
02,heading,"Meat of horses, asses, mules or hinnies, fresh, chilled or frozen"
02,heading,"Edible offal of bovine animals, swine, sheep, goats, horses, asses, mules or hinnies, fresh, chilled or frozen"
02,heading,"Meat and edible offal, of the poultry of heading 0105, fresh, chilled or frozen"
02,heading,"Other meat and edible meat offal, fresh, chilled or frozen"
02,heading,"Pig fat, free of lean meat, and poultry fat, not rendered or otherwise extracted, fresh, chilled, frozen, salted, in brine, dried or smoked"
02,heading,"Meat and edible meat offal, salted, in brine, dried or smoked; edible flours and meals of meat or meat offal"
03,chapter,"FISH AND CRUSTACEANS, MOLLUSCS AND OTHER AQUATIC INVERTEBRATES"
03,heading,Live fish
03,heading,"Fish, fresh or chilled, excluding fish fillets and other fish meat of heading 0304"
03,heading,"Fish, frozen, excluding fish fillets and other fish meat of heading 0304"
03,heading,"Fish fillets and other fish meat (whether or not minced), fresh, chilled or frozen"
03,heading,"Fish, dried, salted or in brine; smoked fish, whether or not cooked before or during the smoking process"
03,heading,"Crustaceans, whether in shell or not, live, fresh, chilled, frozen, dried, salted or in brine; smoked crustaceans, whether in shell or not, whether or not cooked before or during the smoking process; crustaceans, in shell, cooked by steaming or by boiling in water, whether or not chilled, frozen, dried, salted or in brine"
03,heading,"Molluscs, whether in shell or not, live, fresh, chilled, frozen, dried, salted or in brine; smoked molluscs, whether in shell or not, whether or not cooked before or during the smoking process"
03,heading,"Aquatic invertebrates other than crustaceans and molluscs, live, fresh, chilled, frozen, dried, salted or in brine; smoked aquatic invertebrates other than crustaceans and molluscs, whether or not cooked before or during the smoking process"
03,heading,"Flours, meals and pellets of fish, crustaceans, molluscs and other aquatic invertebrates, fit for human consumption"
04,chapter,"DAIRY PRODUCE; BIRDS' EGGS; NATURAL HONEY; EDIBLE PRODUCTS OF ANIMAL ORIGIN, NOT ELSEWHERE SPECIFIED OR INCLUDED"
04,heading,"Milk and cream, not concentrated nor containing added sugar or other sweetening matter"
04,heading,"Milk and cream, concentrated or containing added sugar or other sweetening matter"
04,heading,"Yogurt; buttermilk, curdled milk and cream, kephir and other fermented or acidified milk and cream, whether or not concentrated or containing added sugar or other sweetening matter or flavoured or containing added fruit, nuts or cocoa"
04,heading,"Whey, whether or not concentrated or containing added sugar or other sweetening matter; products consisting of natural milk constituents, whether or not containing added sugar or other sweetening matter, not elsewhere specified or included"
04,heading,Butter and other fats and oils derived from milk; dairy spreads
04,heading,Cheese and curd
04,heading,"Birds' eggs, in shell, fresh, preserved or cooked"
04,heading,"Birds' eggs, not in shell, and egg yolks, fresh, dried, cooked by steaming or by boiling in water, moulded, frozen or otherwise preserved, whether or not containing added sugar or other sweetening matter"
04,heading,Natural honey
04,heading,"Insects and other edible products of animal origin, not elsewhere specified or included"
05,chapter,"PRODUCTS OF ANIMAL ORIGIN, NOT ELSEWHERE SPECIFIED OR INCLUDED"
05,heading,"Human hair, unworked, whether or not washed or scoured; waste of human hair"
05,heading,"Pigs', hogs' or boars' bristles and hair; badger hair and other brush making hair; waste of such bristles or hair"
05,heading,"Guts, bladders and stomachs of animals (other than fish), whole and pieces thereof, fresh, chilled, frozen, salted, in brine, dried or smoked"
05,heading,"Skins and other parts of birds, with their feathers or down, feathers and parts of feathers (whether or not with trimmed edges) and down, not further worked than cleaned, disinfected or treated for preservation; powder and waste of feathers or parts of feathers"
05,heading,"Bones and horn-cores, unworked, defatted, simply prepared (but not cut to shape), treated with acid or degelatinised; powder and waste of these products"
05,heading,"Ivory, tortoiseshell, whalebone and whalebone hair, horns, antlers, hooves, nails, claws and beaks, unworked or simply prepared but not cut to shape; powder and waste of these products"
05,heading,"Coral and similar materials, unworked or simply prepared but not otherwise worked; shells of molluscs, crustaceans or echinoderms and cuttle-bone, unworked or simply prepared but not cut to shape, powder and waste thereof"
05,heading,"Ambergris, castoreum, civet and musk; cantharides; bile, whether or not dried; glands and other animal products used in the preparation of pharmaceutical products, fresh, chilled, frozen or otherwise provisionally preserved"
05,heading,"Animal products not elsewhere specified or included; dead animals of Chapter 1 or 3, unfit for human consumption"
06,chapter,"LIVE TREES AND OTHER PLANTS; BULBS, ROOTS AND THE LIKE; CUT FLOWERS AND ORNAMENTAL FOLIAGE"
06,heading,"Bulbs, tubers, tuberous roots, corms, crowns and rhizomes, dormant, in growth or in flower; chicory plants and roots other than roots of heading 1212"
06,heading,"Other live plants (including their roots), cuttings and slips; mushroom spawn"
06,heading,"Cut flowers and flower buds of a kind suitable for bouquets or for ornamental purposes, fresh, dried, dyed, bleached, impregnated or otherwise prepared"
06,heading,"Foliage, branches and other parts of plants, without flowers or flower buds, and grasses, mosses and lichens, being goods of a kind suitable for bouquets or for ornamental purposes, fresh, dried, dyed, bleached, impregnated or otherwise prepared"
07,chapter,EDIBLE VEGETABLES AND CERTAIN ROOTS AND TUBERS
07,heading,"Potatoes, fresh or chilled"
07,heading,"Tomatoes, fresh or chilled"
07,heading,"Onions, shallots, garlic, leeks and other alliaceous vegetables, fresh or chilled"
07,heading,"Cabbages, cauliflowers, kohlrabi, kale and similar edible brassicas, fresh or chilled"
07,heading,"Lettuce (Lactuca sativa) and chicory (Cichorium spp.), fresh or chilled"
07,heading,"Carrots, turnips, salad beetroot, salsify, celeriac, radishes and similar edible roots, fresh or chilled"
07,heading,"Cucumbers and gherkins, fresh or chilled"
07,heading,"Leguminous vegetables, shelled or unshelled, fresh or chilled"
07,heading,"Other vegetables, fresh or chilled"
07,heading,"Vegetables (uncooked or cooked by steaming or boiling in water), frozen"
07,heading,"Vegetables provisionally preserved, but unsuitable in that state for immediate consumption"
07,heading,"Dried vegetables, whole, cut, sliced, broken or in powder, but not further prepared"
07,heading,"Dried leguminous vegetables, shelled, whether or not skinned or split"
07,heading,"Manioc, arrowroot, salep, Jerusalem artichokes, sweet potatoes and similar roots and tubers with high starch or inulin content, fresh, chilled, frozen or dried, whether or not sliced or in the form of pellets; sago pith"
08,chapter,EDIBLE FRUIT AND NUTS; PEEL OF CITRUS FRUIT OR MELONS
08,heading,"Coconuts, Brazil nuts and cashew nuts, fresh or dried, whether or not shelled or peeled"
08,heading,"Other nuts, fresh or dried, whether or not shelled or peeled"
08,heading,"Bananas, including plantains, fresh or dried"
08,heading,"Dates, figs, pineapples, avocados, guavas, mangoes and mangosteens, fresh or dried"
08,heading,"Citrus fruit, fresh or dried"
08,heading,"Grapes, fresh or dried"
08,heading,"Melons (including watermelons) and papaws (papayas), fresh"
08,heading,"Apples, pears and quinces, fresh"
08,heading,"Apricots, cherries, peaches (including nectarines), plums and sloes, fresh"
08,heading,"Other fruit, fresh"
08,heading,"Fruit and nuts, uncooked or cooked by steaming or boiling in water, frozen, whether or not containing added sugar or other sweetening matter"
08,heading,"Fruit and nuts provisionally preserved, but unsuitable in that state for immediate consumption"
08,heading,"Fruit, dried, other than that of headings 0801 to 0806; mixtures of nuts or dried fruits of this chapter"
08,heading,"Peel of citrus fruit or melons (including watermelons), fresh, frozen, dried or provisionally preserved in brine, in sulphur water or in other preservative solutions"
09,chapter,"COFFEE, TEA, MATÉ AND SPICES"
09,heading,"Coffee, whether or not roasted or decaffeinated; coffee husks and skins; coffee substitutes containing coffee in any proportion"
09,heading,"Tea, whether or not flavoured"
09,heading,Maté
09,heading,Pepper of the genus Piper; dried or crushed or ground fruit of the genus Capsicum or of the genus Pimenta
09,heading,Vanilla
09,heading,Cinnamon and cinnamon-tree flowers
09,heading,"Cloves (whole fruit, cloves and stems)"
09,heading,"Nutmeg, mace and cardamoms"
09,heading,"Seeds of anise, badian, fennel, coriander, cumin or caraway; juniper berries"
09,heading,"Ginger, saffron, turmeric (curcuma), thyme, bay leaves, curry and other spices"
10,chapter,CEREALS
10,heading,Wheat and meslin
10,heading,Rye
10,heading,Barley
10,heading,Oats
10,heading,Maize (corn)
10,heading,Rice
10,heading,Grain sorghum
10,heading,"Buckwheat, millet and canary seed; other cereals"
11,chapter,PRODUCTS OF THE MILLING INDUSTRY; MALT; STARCHES; INULIN; WHEAT GLUTEN
11,heading,Wheat or meslin flour
11,heading,Cereal flours other than of wheat or meslin
11,heading,"Cereal groats, meal and pellets"
11,heading,"Cereal grains otherwise worked (for example, hulled, rolled, flaked, pearled, sliced or kibbled), except rice of heading 1006; germ of cereals, whole, rolled, flaked or ground"
11,heading,"Flour, meal, powder, flakes, granules and pellets of potatoes"
11,heading,"Flour, meal and powder of the dried leguminous vegetables of heading 0713, of sago or of roots or tubers of heading 0714 or of the products of Chapter 8"
11,heading,"Malt, whether or not roasted"
11,heading,Starches; inulin
11,heading,"Wheat gluten, whether or not dried"
12,chapter,"OIL SEEDS AND OLEAGINOUS FRUITS; MISCELLANEOUS GRAINS, SEEDS AND FRUIT; INDUSTRIAL OR MEDICINAL PLANTS; STRAW AND FODDER"
12,heading,"Soya beans, whether or not broken"
12,heading,"Groundnuts, not roasted or otherwise cooked, whether or not shelled or broken"
12,heading,Copra
12,heading,"Linseed, whether or not broken"
12,heading,"Rape or colza seeds, whether or not broken"
12,heading,"Sunflower seeds, whether or not broken"
12,heading,"Other oil seeds and oleaginous fruits, whether or not broken"
12,heading,"Flours and meals of oil seeds or oleaginous fruits, other than those of mustard"
12,heading,"Seeds, fruit and spores, of a kind used for sowing"
12,heading,"Hop cones, fresh or dried, whether or not ground, powdered or in the form of pellets; lupulin"
12,heading,"Plants and parts of plants (including seeds and fruits), of a kind used primarily in perfumery, in pharmacy or for insecticidal, fungicidal or similar purposes, fresh, chilled, frozen or dried, whether or not cut, crushed or powdered"
12,heading,"Locust beans, seaweeds and other algae, sugar beet and sugar cane, fresh, chilled, frozen or dried, whether or not ground; fruit stones and kernels and other vegetable products (including unroasted chicory roots of the variety Cichorium intybus sativum) of a kind used primarily for human consumption, not elsewhere specified or included"
12,heading,"Cereal straw and husks, unprepared, whether or not chopped, ground, pressed or in the form of pellets"
12,heading,"Swedes, mangolds, fodder roots, hay, lucerne (alfalfa), clover, sainfoin, forage kale, lupines, vetches and similar forage products, whether or not in the form of pellets"
13,chapter,"LAC; GUMS, RESINS AND OTHER VEGETABLE SAPS AND EXTRACTS"
13,heading,"Lac; natural gums, resins, gum-resins and oleoresins (for example, balsams)"
13,heading,"Vegetable saps and extracts; pectic substances, pectinates and pectates; agar-agar and other mucilages and thickeners, whether or not modified, derived from vegetable products"
14,chapter,VEGETABLE PLAITING MATERIALS; VEGETABLE PRODUCTS NOT ELSEWHERE SPECIFIED OR INCLUDED
14,heading,"Vegetable materials of a kind used primarily for plaiting (for example, bamboos, rattans, reeds, rushes, osier, raffia, cleaned, bleached or dyed cereal straw, and lime bark)"
14,heading,Vegetable products not elsewhere specified or included
15,chapter,"ANIMAL, VEGETABLE OR MICROBIAL FATS AND OILS AND THEIR CLEAVAGE PRODUCTS; PREPARED EDIBLE FATS; ANIMAL OR VEGETABLE WAXES"
15,heading,"Pig fat (including lard) and poultry fat, other than that of heading 0209 or 1503"
15,heading,"Fats of bovine animals, sheep or goats, other than those of heading 1503"
15,heading,"Lard stearin, lard oil, oleostearin, oleo-oil and tallow oil, not emulsified or mixed or otherwise prepared"
15,heading,"Fats and oils and their fractions, of fish or marine mammals, whether or not refined, but not chemically modified"
15,heading,Wool grease and fatty substances derived therefrom (including lanolin)
15,heading,"Other animal fats and oils and their fractions, whether or not refined, but not chemically modified"
15,heading,"Soya-bean oil and its fractions, whether or not refined, but not chemically modified"
15,heading,"Groundnut oil and its fractions, whether or not refined, but not chemically modified"
15,heading,"Olive oil and its fractions, whether or not refined, but not chemically modified"
15,heading,"Other oils and their fractions, obtained solely from olives, whether or not refined, but not chemically modified, including blends of these oils or fractions with oils or fractions of heading 1509"
15,heading,"Palm oil and its fractions, whether or not refined, but not chemically modified"
15,heading,"Sunflower-seed, safflower or cotton-seed oil and fractions thereof, whether or not refined, but not chemically modified"
15,heading,"Coconut (copra), palm kernel or babassu oil and fractions thereof, whether or not refined, but not chemically modified"
15,heading,"Rape, colza or mustard oil and fractions thereof, whether or not refined, but not chemically modified"
15,heading,"Other fixed vegetable or microbial fats and oils (including jojoba oil) and their fractions, whether or not refined, but not chemically modified"
15,heading,"Animal, vegetable or microbial fats and oils and their fractions, partly or wholly hydrogenated, inter-esterified, re-esterified or elaidinised, whether or not refined, but not further prepared"
15,heading,"Margarine; edible mixtures or preparations of animal, vegetable or microbial fats or oils or of fractions of different fats or oils of this chapter, other than edible fats or oils or their fractions of heading 1516"
15,heading,"Animal, vegetable or microbial fats and oils and their fractions, boiled, oxidised, dehydrated, sulphurised, blown, polymerised by heat in vacuum or in inert gas or otherwise chemically modified, excluding those of heading 1516; inedible mixtures or preparations of animal, vegetable or microbial fats or oils or of fractions of different fats or oils of this chapter, not elsewhere specified or included"
15,heading,"Glycerol, crude; glycerol waters and glycerol lyes"
15,heading,"Vegetable waxes (other than triglycerides), beeswax, other insect waxes and spermaceti, whether or not refined or coloured"
15,heading,Degras; residues resulting from the treatment of fatty substances or animal or vegetable waxes
16,chapter,"PREPARATIONS OF MEAT, OF FISH, OF CRUSTACEANS, MOLLUSCS OR OTHER AQUATIC INVERTEBRATES, OR OF INSECTS"
16,heading,"Sausages and similar products, of meat, meat offal, blood or insects; food preparations based on these products"
16,heading,"Other prepared or preserved meat, meat offal, blood or insects"
16,heading,"Extracts and juices of meat, fish or crustaceans, molluscs or other aquatic invertebrates"
16,heading,Prepared or preserved fish; caviar and caviar substitutes prepared from fish eggs
16,heading,"Crustaceans, molluscs and other aquatic invertebrates, prepared or preserved"
17,chapter,SUGARS AND SUGAR CONFECTIONERY
17,heading,"Cane or beet sugar and chemically pure sucrose, in solid form"
17,heading,"Other sugars, including chemically pure lactose, maltose, glucose and fructose, in solid form; sugar syrups not containing added flavouring or colouring matter; artificial honey, whether or not mixed with natural honey; caramel"
17,heading,Molasses resulting from the extraction or refining of sugar
17,heading,"Sugar confectionery (including white chocolate), not containing cocoa"
18,chapter,COCOA AND COCOA PREPARATIONS
18,heading,"Cocoa beans, whole or broken, raw or roasted"
18,heading,"Cocoa shells, husks, skins and other cocoa waste"
18,heading,"Cocoa paste, whether or not defatted"
18,heading,"Cocoa butter, fat and oil"
18,heading,"Cocoa powder, not containing added sugar or other sweetening matter"
18,heading,Chocolate and other food preparations containing cocoa
19,chapter,"PREPARATIONS OF CEREALS, FLOUR, STARCH OR MILK; PASTRYCOOKS' PRODUCTS"
19,heading,"Malt extract; food preparations of flour, groats, meal, starch or malt extract, not containing cocoa or containing less than 40 % by weight of cocoa calculated on a totally defatted basis, not elsewhere specified or included; food preparations of goods of headings 0401 to 0404, not containing cocoa or containing less than 5 % by weight of cocoa calculated on a totally defatted basis, not elsewhere specified or included"
19,heading,"Pasta, whether or not cooked or stuffed (with meat or other substances) or otherwise prepared, such as spaghetti, macaroni, noodles, lasagne, gnocchi, ravioli, cannelloni; couscous, whether or not prepared"
19,heading,"Tapioca and substitutes therefor prepared from starch, in the form of flakes, grains, pearls, siftings or similar forms"
19,heading,"Prepared foods obtained by the swelling or roasting of cereals or cereal products (for example, corn flakes); cereals (other than maize (corn)) in grain form or in the form of flakes or other worked grains (except flour, groats and meal), pre-cooked or otherwise prepared, not elsewhere specified or included"
19,heading,"Bread, pastry, cakes, biscuits and other bakers' wares, whether or not containing cocoa; communion wafers, empty cachets of a kind suitable for pharmaceutical use, sealing wafers, rice paper and similar products"
20,chapter,"PREPARATIONS OF VEGETABLES, FRUIT, NUTS OR OTHER PARTS OF PLANTS"
20,heading,"Vegetables, fruit, nuts and other edible parts of plants, prepared or preserved by vinegar or acetic acid"
20,heading,Tomatoes prepared or preserved otherwise than by vinegar or acetic acid
20,heading,"Mushrooms and truffles, prepared or preserved otherwise than by vinegar or acetic acid"
20,heading,"Other vegetables prepared or preserved otherwise than by vinegar or acetic acid, frozen, other than products of heading 2006"
20,heading,"Other vegetables prepared or preserved otherwise than by vinegar or acetic acid, not frozen, other than products of heading 2006"
20,heading,"Vegetables, fruit, nuts, fruit-peel and other parts of plants, preserved by sugar (drained, glacé or crystallised)"
20,heading,"Jams, fruit jellies, marmalades, fruit or nut purée and fruit or nut pastes, obtained by cooking, whether or not containing added sugar or other sweetening matter"
20,heading,"Fruit, nuts and other edible parts of plants, otherwise prepared or preserved, whether or not containing added sugar or other sweetening matter or spirit, not elsewhere specified or included"
20,heading,"Fruit or nut juices (including grape must and coconut water) and vegetable juices, unfermented and not containing added spirit, whether or not containing added sugar or other sweetening matter"
21,chapter,MISCELLANEOUS EDIBLE PREPARATIONS
21,heading,"Extracts, essences and concentrates, of coffee, tea or maté and preparations with a basis of these products or with a basis of coffee, tea or maté; roasted chicory and other roasted coffee substitutes, and extracts, essences and concentrates thereof"
21,heading,"Yeasts (active or inactive); other single-cell micro-organisms, dead (but not including vaccines of heading 3002); prepared baking powders"
21,heading,Sauces and preparations therefor; mixed condiments and mixed seasonings; mustard flour and meal and prepared mustard
21,heading,Soups and broths and preparations therefor; homogenised composite food preparations
21,heading,"Ice cream and other edible ice, whether or not containing cocoa"
21,heading,Food preparations not elsewhere specified or included
22,chapter,"BEVERAGES, SPIRITS AND VINEGAR"
22,heading,"Waters, including natural or artificial mineral waters and aerated waters, not containing added sugar or other sweetening matter nor flavoured; ice and snow"
22,heading,"Waters, including mineral waters and aerated waters, containing added sugar or other sweetening matter or flavoured, and other non-alcoholic beverages, not including fruit, nut or vegetable juices of heading 2009"
22,heading,Beer made from malt
22,heading,"Wine of fresh grapes, including fortified wines; grape must other than that of heading 2009"
22,heading,Vermouth and other wine of fresh grapes flavoured with plants or aromatic substances
22,heading,"Other fermented beverages (for example, cider, perry, mead, saké); mixtures of fermented beverages and mixtures of fermented beverages and non-alcoholic beverages, not elsewhere specified or included"
22,heading,"Undenatured ethyl alcohol of an alcoholic strength by volume of 80 % vol or higher; ethyl alcohol and other spirits, denatured, of any strength"
22,heading,"Undenatured ethyl alcohol of an alcoholic strength by volume of less than 80 % vol; spirits, liqueurs and other spirituous beverages"
22,heading,Vinegar and substitutes for vinegar obtained from acetic acid
23,chapter,RESIDUES AND WASTE FROM THE FOOD INDUSTRIES; PREPARED ANIMAL FODDER
23,heading,"Flours, meals and pellets, of meat or meat offal, of fish or of crustaceans, molluscs or other aquatic invertebrates, unfit for human consumption; greaves"
23,heading,"Bran, sharps and other residues, whether or not in the form of pellets, derived from the sifting, milling or other working of cereals or of leguminous plants"
23,heading,"Residues of starch manufacture and similar residues, beet-pulp, bagasse and other waste of sugar manufacture, brewing or distilling dregs and waste, whether or not in the form of pellets"
23,heading,"Oilcake and other solid residues, whether or not ground or in the form of pellets, resulting from the extraction of soya-bean oil"
23,heading,"Oilcake and other solid residues, whether or not ground or in the form of pellets, resulting from the extraction of groundnut oil"
23,heading,"Oilcake and other solid residues, whether or not ground or in the form of pellets, resulting from the extraction of vegetable or microbial fats or oils, other than those of heading 2304 or 2305"
23,heading,Wine lees; argol
23,heading,"Vegetable materials and vegetable waste, vegetable residues and by-products, whether or not in the form of pellets, of a kind used in animal feeding, not elsewhere specified or included"
23,heading,Preparations of a kind used in animal feeding
24,chapter,"TOBACCO AND MANUFACTURED TOBACCO SUBSTITUTES; PRODUCTS, WHETHER OR NOT CONTAINING NICOTINE, INTENDED FOR INHALATION WITHOUT COMBUSTION; OTHER NICOTINE CONTAINING PRODUCTS INTENDED FOR THE INTAKE OF NICOTINE INTO THE HUMAN BODY"
24,heading,Unmanufactured tobacco; tobacco refuse
24,heading,"Cigars, cheroots, cigarillos and cigarettes, of tobacco or of tobacco substitutes"
24,heading,Other manufactured tobacco and manufactured tobacco substitutes; 'homogenised' or 'reconstituted' tobacco; tobacco extracts and essences
24,heading,"Products containing tobacco, reconstituted tobacco, nicotine, or tobacco or nicotine substitutes, intended for inhalation without combustion; other nicotine containing products intended for the intake of nicotine into the human body"
25,chapter,"SALT; SULPHUR; EARTHS AND STONE; PLASTERING MATERIALS, LIME AND CEMENT"
25,heading,"Salt (including table salt and denatured salt) and pure sodium chloride, whether or not in aqueous solution or containing added anti-caking or free-flowing agents; sea water"
25,heading,Unroasted iron pyrites
25,heading,"Sulphur of all kinds, other than sublimed sulphur, precipitated sulphur and colloidal sulphur"
25,heading,Natural graphite
25,heading,"Natural sands of all kinds, whether or not coloured, other than metal-bearing sands of Chapter 26"
25,heading,"Quartz (other than natural sands); quartzite, whether or not roughly trimmed or merely cut, by sawing or otherwise, into blocks or slabs of a rectangular (including square) shape"
25,heading,"Kaolin and other kaolinic clays, whether or not calcined"
25,heading,"Other clays (not including expanded clays of heading 6806), andalusite, kyanite and sillimanite, whether or not calcined; mullite; chamotte or dinas earths"
25,heading,Chalk
25,heading,"Natural calcium phosphates, natural aluminium calcium phosphates and phosphatic chalk"
25,heading,"Natural barium sulphate (barytes); natural barium carbonate (witherite), whether or not calcined, other than barium oxide of heading 2816"
25,heading,"Siliceous fossil meals (for example, kieselguhr, tripolite and diatomite) and similar siliceous earths, whether or not calcined, of an apparent specific gravity of 1 or less"
25,heading,"Pumice stone; emery; natural corundum, natural garnet and other natural abrasives, whether or not heat-treated"
25,heading,"Slate, whether or not roughly trimmed or merely cut, by sawing or otherwise, into blocks or slabs of a rectangular (including square) shape"
25,heading,"Marble, travertine, ecaussine and other calcareous monumental or building stone of an apparent specific gravity of 2,5 or more, and alabaster, whether or not roughly trimmed or merely cut, by sawing or otherwise, into blocks or slabs of a rectangular (including square) shape"
25,heading,"Granite, porphyry, basalt, sandstone and other monumental or building stone, whether or not roughly trimmed or merely cut, by sawing or otherwise, into blocks or slabs of a rectangular (including square) shape"
25,heading,"Pebbles, gravel, broken or crushed stone, of a kind commonly used for concrete aggregates, for road metalling or for railway or other ballast, shingle and flint, whether or not heat-treated; macadam of slag, dross or similar industrial waste, whether or not incorporating the materials cited in the first part of the heading; tarred macadam; granules, chippings and powder, of stones of heading 2515 or 2516, whether or not heat-treated"
25,heading,"Dolomite, whether or not calcined or sintered, including dolomite roughly trimmed or merely cut, by sawing or otherwise, into blocks or slabs of a rectangular (including square) shape"
25,heading,"Natural magnesium carbonate (magnesite); fused magnesia; dead-burned (sintered) magnesia, whether or not containing small quantities of other oxides added before sintering; other magnesium oxide, whether or not pure"
25,heading,"Gypsum; anhydrite; plasters (consisting of calcined gypsum or calcium sulphate) whether or not coloured, with or without small quantities of accelerators or retarders"
25,heading,"Limestone flux; limestone and other calcareous stone, of a kind used for the manufacture of lime or cement"
25,heading,"Quicklime, slaked lime and hydraulic lime, other than calcium oxide and hydroxide of heading 2825"
25,heading,"Portland cement, aluminous cement, slag cement, supersulphate cement and similar hydraulic cements, whether or not coloured or in the form of clinkers"
25,heading,Asbestos
25,heading,"Mica, including splittings; mica waste"
25,heading,"Natural steatite, whether or not roughly trimmed or merely cut, by sawing or otherwise, into blocks or slabs of a rectangular (including square) shape; talc"
25,heading,"Natural borates and concentrates thereof (whether or not calcined), but not including borates separated from natural brine; natural boric acid containing not more than 85 % of H<sub>3</sub>BO<sub>3</sub> calculated on the dry weight"
25,heading,Feldspar; leucite; nepheline and nepheline syenite; fluorspar
25,heading,Mineral substances not elsewhere specified or included
26,chapter,"ORES, SLAG AND ASH"
26,heading,"Iron ores and concentrates, including roasted iron pyrites"
26,heading,"Manganese ores and concentrates, including ferruginous manganese ores and concentrates with a manganese content of 20 % or more, calculated on the dry weight"
26,heading,Copper ores and concentrates
26,heading,Nickel ores and concentrates
26,heading,Cobalt ores and concentrates
26,heading,Aluminium ores and concentrates
26,heading,Lead ores and concentrates
26,heading,Zinc ores and concentrates
26,heading,Tin ores and concentrates
26,heading,Chromium ores and concentrates
26,heading,Tungsten ores and concentrates
26,heading,Uranium or thorium ores and concentrates
26,heading,Molybdenum ores and concentrates
26,heading,Titanium ores and concentrates
26,heading,"Niobium, tantalum, vanadium or zirconium ores and concentrates"
26,heading,Precious-metal ores and concentrates
26,heading,Other ores and concentrates
26,heading,Granulated slag (slag sand) from the manufacture of iron or steel
26,heading,"Slag, dross (other than granulated slag), scalings and other waste from the manufacture of iron or steel"
26,heading,"Slag, ash and residues (other than from the manufacture of iron or steel), containing metals, arsenic or their compounds"
26,heading,"Other slag and ash, including seaweed ash (kelp); ash and residues from the incineration of municipal waste"
27,chapter,"MINERAL FUELS, MINERAL OILS AND PRODUCTS OF THEIR DISTILLATION; BITUMINOUS SUBSTANCES; MINERAL WAXES"
27,heading,"Coal; briquettes, ovoids and similar solid fuels manufactured from coal"
27,heading,"Lignite, whether or not agglomerated, excluding jet"
27,heading,"Peat (including peat litter), whether or not agglomerated"
27,heading,"Coke and semi-coke of coal, of lignite or of peat, whether or not agglomerated; retort carbon"
27,heading,"Coal gas, water gas, producer gas and similar gases, other than petroleum gases and other gaseous hydrocarbons"
27,heading,"Tar distilled from coal, from lignite or from peat, and other mineral tars, whether or not dehydrated or partially distilled, including reconstituted tars"
27,heading,Oils and other products of the distillation of high temperature coal tar; similar products in which the weight of the aromatic constituents exceeds that of the non-aromatic constituents
27,heading,"Pitch and pitch coke, obtained from coal tar or from other mineral tars"
27,heading,"Petroleum oils and oils obtained from bituminous minerals, crude"
27,heading,"Petroleum oils and oils obtained from bituminous minerals, other than crude; preparations not elsewhere specified or included, containing by weight 70 % or more of petroleum oils or of oils obtained from bituminous minerals, these oils being the basic constituents of the preparations; waste oils"
27,heading,Petroleum gases and other gaseous hydrocarbons
27,heading,"Petroleum jelly; paraffin wax, microcrystalline petroleum wax, slack wax, ozokerite, lignite wax, peat wax, other mineral waxes, and similar products obtained by synthesis or by other processes, whether or not coloured"
27,heading,"Petroleum coke, petroleum bitumen and other residues of petroleum oils or of oils obtained from bituminous minerals"
27,heading,"Bitumen and asphalt, natural; bituminous or oil-shale and tar sands; asphaltites and asphaltic rocks"
27,heading,"Bituminous mixtures based on natural asphalt, on natural bitumen, on petroleum bitumen, on mineral tar or on mineral tar pitch (for example, bituminous mastics, cut-backs)"
27,heading,Electrical energy
28,chapter,"INORGANIC CHEMICALS; ORGANIC OR INORGANIC COMPOUNDS OF PRECIOUS METALS, OF RARE-EARTH METALS, OF RADIOACTIVE ELEMENTS OR OF ISOTOPES"
28,heading,"Fluorine, chlorine, bromine and iodine"
28,heading,"Sulphur, sublimed or precipitated; colloidal sulphur"
28,heading,Carbon (carbon blacks and other forms of carbon not elsewhere specified or included)
28,heading,"Hydrogen, rare gases and other non-metals"
28,heading,"Alkali or alkaline-earth metals; rare-earth metals, scandium and yttrium, whether or not intermixed or interalloyed; mercury"
28,heading,I. CHEMICAL ELEMENTS
28,heading,Hydrogen chloride (hydrochloric acid); chlorosulphuric acid
28,heading,Sulphuric acid; oleum
28,heading,Nitric acid; sulphonitric acids
28,heading,"Diphosphorus pentaoxide; phosphoric acid; polyphosphoric acids, whether or not chemically defined"
28,heading,Oxides of boron; boric acids
28,heading,Other inorganic acids and other inorganic oxygen compounds of non-metals
28,heading,II. INORGANIC ACIDS AND INORGANIC OXYGEN COMPOUNDS OF NON-METALS
28,heading,Halides and halide oxides of non-metals
28,heading,Sulphides of non-metals; commercial phosphorus trisulphide
28,heading,III. HALOGEN OR SULPHUR COMPOUNDS OF NON-METALS
28,heading,"Ammonia, anhydrous or in aqueous solution"
28,heading,Sodium hydroxide (caustic soda); potassium hydroxide (caustic potash); peroxides of sodium or potassium
28,heading,"Hydroxide and peroxide of magnesium; oxides, hydroxides and peroxides, of strontium or barium"
28,heading,Zinc oxide; zinc peroxide
28,heading,"Artificial corundum, whether or not chemically defined; aluminium oxide; aluminium hydroxide"
28,heading,Chromium oxides and hydroxides
28,heading,Manganese oxides
28,heading,Iron oxides and hydroxides; earth colours containing 70 % or more by weight of combined iron evaluated as Fe<sub>2</sub>O<sub>3</sub>
28,heading,Cobalt oxides and hydroxides; commercial cobalt oxides
28,heading,Titanium oxides
28,heading,Lead oxides; red lead and orange lead
28,heading,"Hydrazine and hydroxylamine and their inorganic salts; other inorganic bases; other metal oxides, hydroxides and peroxides"
28,heading,"IV. INORGANIC BASES AND OXIDES, HYDROXIDES AND PEROXIDES OF METALS"
28,heading,"Fluorides; fluorosilicates, fluoroaluminates and other complex fluorine salts"
28,heading,"Chlorides, chloride oxides and chloride hydroxides; bromides and bromide oxides; iodides and iodide oxides"
28,heading,Hypochlorites; commercial calcium hypochlorite; chlorites; hypobromites
28,heading,Chlorates and perchlorates; bromates and perbromates; iodates and periodates
28,heading,"Sulphides; polysulphides, whether or not chemically defined"
28,heading,Dithionites and sulphoxylates
28,heading,Sulphites; thiosulphates
28,heading,Sulphates; alums; peroxosulphates (persulphates)
28,heading,Nitrites; nitrates
28,heading,"Phosphinates (hypophosphites), phosphonates (phosphites) and phosphates; polyphosphates, whether or not chemically defined"
28,heading,Carbonates; peroxocarbonates (percarbonates); commercial ammonium carbonate containing ammonium carbamate
28,heading,"Cyanides, cyanide oxides and complex cyanides"
28,heading,Silicates; commercial alkali metal silicates
28,heading,Borates; peroxoborates (perborates)
28,heading,Salts of oxometallic or peroxometallic acids
28,heading,"Other salts of inorganic acids or peroxoacids (including aluminosilicates whether or not chemically defined), other than azides"
28,heading,"V. SALTS AND PEROXYSALTS, OF INORGANIC ACIDS AND METALS"
28,heading,"Colloidal precious metals; inorganic or organic compounds of precious metals, whether or not chemically defined; amalgams of precious metals"
28,heading,Radioactive chemical elements and radioactive isotopes (including the fissile or fertile chemical elements and isotopes) and their compounds; mixtures and residues containing these products
28,heading,"Isotopes other than those of heading 2844; compounds, inorganic or organic, of such isotopes, whether or not chemically defined"
28,heading,"Compounds, inorganic or organic, of rare-earth metals, of yttrium or of scandium or of mixtures of these metals"
28,heading,"Hydrogen peroxide, whether or not solidified with urea"
28,heading,"Carbides, whether or not chemically defined"
28,heading,"Hydrides, nitrides, azides, silicides and borides, whether or not chemically defined, other than compounds which are also carbides of heading 2849"
28,heading,"Inorganic or organic compounds of mercury, whether or not chemically defined, excluding amalgams"
28,heading,"Phosphides, whether or not chemically defined, excluding ferrophosphorus; other inorganic compounds (including distilled or conductivity water and water of similar purity); liquid air (whether or not rare gases have been removed); compressed air; amalgams, other than amalgams of precious metals"
28,heading,VI. MISCELLANEOUS
29,chapter,ORGANIC CHEMICALS
29,heading,Acyclic hydrocarbons
29,heading,Cyclic hydrocarbons
29,heading,Halogenated derivatives of hydrocarbons
29,heading,"Sulphonated, nitrated or nitrosated derivatives of hydrocarbons, whether or not halogenated"
29,heading,"I. HYDROCARBONS AND THEIR HALOGENATED, SULPHONATED, NITRATED OR NITROSATED DERIVATIVES"
29,heading,"Acyclic alcohols and their halogenated, sulphonated, nitrated or nitrosated derivatives"
29,heading,"Cyclic alcohols and their halogenated, sulphonated, nitrated or nitrosated derivatives"
29,heading,"II. ALCOHOLS AND THEIR HALOGENATED, SULPHONATED, NITRATED OR NITROSATED DERIVATIVES"
29,heading,Phenols; phenol-alcohols
29,heading,"Halogenated, sulphonated, nitrated or nitrosated derivatives of phenols or phenol-alcohols"
29,heading,"III. PHENOLS, PHENOL-ALCOHOLS, AND THEIR HALOGENATED, SULPHONATED, NITRATED OR NITROSATED DERIVATIVES"
29,heading,"Ethers, ether-alcohols, ether-phenols, ether-alcohol-phenols, alcohol peroxides, ether peroxides, acetal and hemiacetal peroxides, ketone peroxides (whether or not chemically defined), and their halogenated, sulphonated, nitrated or nitrosated derivatives"
29,heading,"Epoxides, epoxyalcohols, epoxyphenols and epoxyethers, with a three-membered ring, and their halogenated, sulphonated, nitrated or nitrosated derivatives"
29,heading,"Acetals and hemiacetals, whether or not with other oxygen function, and their halogenated, sulphonated, nitrated or nitrosated derivatives"
29,heading,"IV. ETHERS, ALCOHOL PEROXIDES, ETHER PEROXIDES, ACETAL AND HEMIACETAL PEROXIDES, KETONE PEROXIDES, EPOXIDES WITH A THREE-MEMBERED RING, ACETALS AND HEMIACETALS, AND THEIR HALOGENATED, SULPHONATED, NITRATED OR NITROSATED DERIVATIVES"
29,heading,"Aldehydes, whether or not with other oxygen function; cyclic polymers of aldehydes; paraformaldehyde"
29,heading,"Halogenated, sulphonated, nitrated or nitrosated derivatives of products of heading 2912"
29,heading,V. ALDEHYDE-FUNCTION COMPOUNDS
29,heading,"Ketones and quinones, whether or not with other oxygen function, and their halogenated, sulphonated, nitrated or nitrosated derivatives"
29,heading,VI. KETONE-FUNCTION COMPOUNDS AND QUINONE-FUNCTION COMPOUNDS
29,heading,"Saturated acyclic monocarboxylic acids and their anhydrides, halides, peroxides and peroxyacids; their halogenated, sulphonated, nitrated or nitrosated derivatives"
29,heading,"Unsaturated acyclic monocarboxylic acids, cyclic monocarboxylic acids, their anhydrides, halides, peroxides and peroxyacids; their halogenated, sulphonated, nitrated or nitrosated derivatives"
29,heading,"Polycarboxylic acids, their anhydrides, halides, peroxides and peroxyacids; their halogenated, sulphonated, nitrated or nitrosated derivatives"
29,heading,"Carboxylic acids with additional oxygen function and their anhydrides, halides, peroxides and peroxyacids; their halogenated, sulphonated, nitrated or nitrosated derivatives"
29,heading,"VII. CARBOXYLIC ACIDS AND THEIR ANHYDRIDES, HALIDES, PEROXIDES AND PEROXYACIDS AND THEIR HALOGENATED, SULPHONATED, NITRATED OR NITROSATED DERIVATIVES"
29,heading,"Phosphoric esters and their salts, including lactophosphates; their halogenated, sulphonated, nitrated or nitrosated derivatives"
29,heading,"Esters of other inorganic acids of non-metals (excluding esters of hydrogen halides) and their salts; their halogenated, sulphonated, nitrated or nitrosated derivatives"
29,heading,"VIII. ESTERS OF INORGANIC ACIDS OF NON-METALS AND THEIR SALTS, AND THEIR HALOGENATED, SULPHONATED, NITRATED OR NITROSATED DERIVATIVES"
29,heading,Amine-function compounds
29,heading,Oxygen-function amino-compounds
29,heading,"Quaternary ammonium salts and hydroxides; lecithins and other phosphoaminolipids, whether or not chemically defined"
29,heading,Carboxyamide-function compounds; amide-function compounds of carbonic acid
29,heading,Carboxyimide-function compounds (including saccharin and its salts) and imine-function compounds
29,heading,Nitrile-function compounds
29,heading,"Diazo-, azo- or azoxy-compounds"
29,heading,Organic derivatives of hydrazine or of hydroxylamine
29,heading,Compounds with other nitrogen function
29,heading,IX. NITROGEN-FUNCTION COMPOUNDS
29,heading,Organo-sulphur compounds
29,heading,Other organo-inorganic compounds
29,heading,Heterocyclic compounds with oxygen hetero-atom(s) only
29,heading,Heterocyclic compounds with nitrogen hetero-atom(s) only
29,heading,"Nucleic acids and their salts, whether or not chemically defined; other heterocyclic compounds"
29,heading,Sulphonamides
29,heading,"X. ORGANO-INORGANIC COMPOUNDS, HETEROCYCLIC COMPOUNDS, NUCLEIC ACIDS AND THEIR SALTS, AND SULPHONAMIDES"
29,heading,"Provitamins and vitamins, natural or reproduced by synthesis (including natural concentrates), derivatives thereof used primarily as vitamins, and intermixtures of the foregoing, whether or not in any solvent"
29,heading,"Hormones, prostaglandins, thromboxanes and leukotrienes, natural or reproduced by synthesis; derivatives and structural analogues thereof, including chain modified polypeptides, used primarily as hormones"
29,heading,"XI. PROVITAMINS, VITAMINS AND HORMONES"
29,heading,"Glycosides, natural or reproduced by synthesis, and their salts, ethers, esters and other derivatives"
29,heading,"Alkaloids, natural or reproduced by synthesis, and their salts, ethers, esters and other derivatives"
29,heading,"XII. GLYCOSIDES AND ALKALOIDS, NATURAL OR REPRODUCED BY SYNTHESIS, AND THEIR SALTS, ETHERS, ESTERS AND OTHER DERIVATIVES"
29,heading,"Sugars, chemically pure, other than sucrose, lactose, maltose, glucose and fructose; sugar ethers, sugar acetals and sugar esters, and their salts, other than products of heading 2937, 2938 or 2939"
29,heading,Antibiotics
29,heading,Other organic compounds
29,heading,XIII. OTHER ORGANIC COMPOUNDS
30,chapter,PHARMACEUTICAL PRODUCTS
30,heading,"Glands and other organs for organo-therapeutic uses, dried, whether or not powdered; extracts of glands or other organs or of their secretions for organo-therapeutic uses; heparin and its salts; other human or animal substances prepared for therapeutic or prophylactic uses, not elsewhere specified or included"
30,heading,"Human blood; animal blood prepared for therapeutic, prophylactic or diagnostic uses; antisera, other blood fractions and immunological products, whether or not modified or obtained by means of biotechnological processes; vaccines, toxins, cultures of micro-organisms (excluding yeasts) and similar products; cell cultures, whether or not modified"
30,heading,"Medicaments (excluding goods of heading 3002, 3005 or 3006) consisting of two or more constituents which have been mixed together for therapeutic or prophylactic uses, not put up in measured doses or in forms or packings for retail sale"
30,heading,"Medicaments (excluding goods of heading 3002, 3005 or 3006) consisting of mixed or unmixed products for therapeutic or prophylactic uses, put up in measured doses (including those in the form of transdermal administration systems) or in forms or packings for retail sale"
30,heading,"Wadding, gauze, bandages and similar articles (for example, dressings, adhesive plasters, poultices), impregnated or coated with pharmaceutical substances or put up in forms or packings for retail sale for medical, surgical, dental or veterinary purposes"
30,heading,Pharmaceutical goods specified in note 4 to this chapter
31,chapter,FERTILISERS
31,heading,"Animal or vegetable fertilisers, whether or not mixed together or chemically treated; fertilisers produced by the mixing or chemical treatment of animal or vegetable products"
31,heading,"Mineral or chemical fertilisers, nitrogenous"
31,heading,"Mineral or chemical fertilisers, phosphatic"
31,heading,"Mineral or chemical fertilisers, potassic"
31,heading,"Mineral or chemical fertilisers containing two or three of the fertilising elements nitrogen, phosphorus and potassium; other fertilisers; goods of this chapter in tablets or similar forms or in packages of a gross weight not exceeding 10 kg"
32,chapter,"TANNING OR DYEING EXTRACTS; TANNINS AND THEIR DERIVATIVES; DYES, PIGMENTS AND OTHER COLOURING MATTER; PAINTS AND VARNISHES; PUTTY AND OTHER MASTICS; INKS"
32,heading,"Tanning extracts of vegetable origin; tannins and their salts, ethers, esters and other derivatives"
32,heading,"Synthetic organic tanning substances; inorganic tanning substances; tanning preparations, whether or not containing natural tanning substances; enzymatic preparations for pre-tanning"
32,heading,"Colouring matter of vegetable or animal origin (including dyeing extracts but excluding animal black), whether or not chemically defined; preparations as specified in note 3 to this chapter based on colouring matter of vegetable or animal origin"
32,heading,"Synthetic organic colouring matter, whether or not chemically defined; preparations as specified in note 3 to this chapter based on synthetic organic colouring matter; synthetic organic products of a kind used as fluorescent brightening agents or as luminophores, whether or not chemically defined"
32,heading,Colour lakes; preparations as specified in note 3 to this chapter based on colour lakes
32,heading,"Other colouring matter; preparations as specified in note 3 to this chapter, other than those of heading 3203, 3204 or 3205; inorganic products of a kind used as luminophores, whether or not chemically defined"
32,heading,"Prepared pigments, prepared opacifiers and prepared colours, vitrifiable enamels and glazes, engobes (slips), liquid lustres and similar preparations, of a kind used in the ceramic, enamelling or glass industry; glass frit and other glass, in the form of powder, granules or flakes"
32,heading,"Paints and varnishes (including enamels and lacquers) based on synthetic polymers or chemically modified natural polymers, dispersed or dissolved in a non-aqueous medium; solutions as defined in note 4 to this chapter"
32,heading,"Paints and varnishes (including enamels and lacquers) based on synthetic polymers or chemically modified natural polymers, dispersed or dissolved in an aqueous medium"
32,heading,"Other paints and varnishes (including enamels, lacquers and distempers); prepared water pigments of a kind used for finishing leather"
32,heading,Prepared driers
32,heading,"Pigments (including metallic powders and flakes) dispersed in non-aqueous media, in liquid or paste form, of a kind used in the manufacture of paints (including enamels); stamping foils; dyes and other colouring matter put up in forms or packings for retail sale"
32,heading,"Artists', students' or signboard painters' colours, modifying tints, amusement colours and the like, in tablets, tubes, jars, bottles, pans or in similar forms or packings"
32,heading,"Glaziers' putty, grafting putty, resin cements, caulking compounds and other mastics; painters' fillings; non-refractory surfacing preparations for façades, indoor walls, floors, ceilings or the like"
32,heading,"Printing ink, writing or drawing ink and other inks, whether or not concentrated or solid"
33,chapter,"ESSENTIAL OILS AND RESINOIDS; PERFUMERY, COSMETIC OR TOILET PREPARATIONS"
33,heading,"Essential oils (terpeneless or not), including concretes and absolutes; resinoids; extracted oleoresins; concentrates of essential oils in fats, in fixed oils, in waxes or the like, obtained by enfleurage or maceration; terpenic by-products of the deterpenation of essential oils; aqueous distillates and aqueous solutions of essential oils"
33,heading,"Mixtures of odoriferous substances and mixtures (including alcoholic solutions) with a basis of one or more of these substances, of a kind used as raw materials in industry; other preparations based on odoriferous substances, of a kind used for the manufacture of beverages"
33,heading,Perfumes and toilet waters
33,heading,"Beauty or make-up preparations and preparations for the care of the skin (other than medicaments), including sunscreen or suntan preparations; manicure or pedicure preparations"
33,heading,Preparations for use on the hair
33,heading,"Preparations for oral or dental hygiene, including denture fixative pastes and powders; yarn used to clean between the teeth (dental floss), in individual retail packages"
33,heading,"Pre-shave, shaving or aftershave preparations, personal deodorants, bath preparations, depilatories and other perfumery, cosmetic or toilet preparations, not elsewhere specified or included; prepared room deodorisers, whether or not perfumed or having disinfectant properties"
34,chapter,"SOAP, ORGANIC SURFACE-ACTIVE AGENTS, WASHING PREPARATIONS, LUBRICATING PREPARATIONS, ARTIFICIAL WAXES, PREPARED WAXES, POLISHING OR SCOURING PREPARATIONS, CANDLES AND SIMILAR ARTICLES, MODELLING PASTES, 'DENTAL WAXES' AND DENTAL PREPARATIONS WITH A BASIS OF PLASTER"
34,heading,"Soap; organic surface-active products and preparations for use as soap, in the form of bars, cakes, moulded pieces or shapes, whether or not containing soap; organic surface-active products and preparations for washing the skin, in the form of liquid or cream and put up for retail sale, whether or not containing soap; paper, wadding, felt and nonwovens, impregnated, coated or covered with soap or detergent"
34,heading,"Organic surface-active agents (other than soap); surface-active preparations, washing preparations (including auxiliary washing preparations) and cleaning preparations, whether or not containing soap, other than those of heading 3401"
34,heading,"Lubricating preparations (including cutting-oil preparations, bolt or nut release preparations, anti-rust or anti-corrosion preparations and mould-release preparations, based on lubricants) and preparations of a kind used for the oil or grease treatment of textile materials, leather, furskins or other materials, but excluding preparations containing, as basic constituents, 70 % or more by weight of petroleum oils or of oils obtained from bituminous minerals"
34,heading,Artificial waxes and prepared waxes
34,heading,"Polishes and creams, for footwear, furniture, floors, coachwork, glass or metal, scouring pastes and powders and similar preparations (whether or not in the form of paper, wadding, felt, nonwovens, cellular plastics or cellular rubber, impregnated, coated or covered with such preparations), excluding waxes of heading 3404"
34,heading,"Candles, tapers and the like"
34,heading,"Modelling pastes, including those put up for children's amusement; preparations known as 'dental wax' or as 'dental impression compounds', put up in sets, in packings for retail sale or in plates, horseshoe shapes, sticks or similar forms; other preparations for use in dentistry, with a basis of plaster (of calcined gypsum or calcium sulphate)"
35,chapter,ALBUMINOIDAL SUBSTANCES; MODIFIED STARCHES; GLUES; ENZYMES
35,heading,"Casein, caseinates and other casein derivatives; casein glues"
35,heading,"Albumins (including concentrates of two or more whey proteins, containing by weight more than 80 % whey proteins, calculated on the dry matter), albuminates and other albumin derivatives"
35,heading,"Gelatin (including gelatin in rectangular (including square) sheets, whether or not surface-worked or coloured) and gelatin derivatives; isinglass; other glues of animal origin, excluding casein glues of heading 3501"
35,heading,"Peptones and their derivatives; other protein substances and their derivatives, not elsewhere specified or included; hide powder, whether or not chromed"
35,heading,"Dextrins and other modified starches (for example, pregelatinised or esterified starches); glues based on starches, or on dextrins or other modified starches"
35,heading,"Prepared glues and other prepared adhesives, not elsewhere specified or included; products suitable for use as glues or adhesives, put up for retail sale as glues or adhesives, not exceeding a net weight of 1 kg"
35,heading,Enzymes; prepared enzymes not elsewhere specified or included
36,chapter,EXPLOSIVES; PYROTECHNIC PRODUCTS; MATCHES; PYROPHORIC ALLOYS; CERTAIN COMBUSTIBLE PREPARATIONS
36,heading,Propellent powders
36,heading,"Prepared explosives, other than propellent powders"
36,heading,Safety fuses; detonating cords; percussion or detonating caps; igniters; electric detonators
36,heading,"Fireworks, signalling flares, rain rockets, fog signals and other pyrotechnic articles"
36,heading,"Matches, other than pyrotechnic articles of heading 3604"
36,heading,Ferro-cerium and other pyrophoric alloys in all forms; articles of combustible materials as specified in note 2 to this chapter
37,chapter,PHOTOGRAPHIC OR CINEMATOGRAPHIC GOODS
37,heading,"Photographic plates and film in the flat, sensitised, unexposed, of any material other than paper, paperboard or textiles; instant print film in the flat, sensitised, unexposed, whether or not in packs"
37,heading,"Photographic film in rolls, sensitised, unexposed, of any material other than paper, paperboard or textiles; instant print film in rolls, sensitised, unexposed"
37,heading,"Photographic paper, paperboard and textiles, sensitised, unexposed"
37,heading,"Photographic plates, film, paper, paperboard and textiles, exposed but not developed"
37,heading,"Photographic plates and film, exposed and developed, other than cinematographic film"
37,heading,"Cinematographic film, exposed and developed, whether or not incorporating soundtrack or consisting only of soundtrack"
37,heading,"Chemical preparations for photographic uses (other than varnishes, glues, adhesives and similar preparations); unmixed products for photographic uses, put up in measured portions or put up for retail sale in a form ready for use"
38,chapter,MISCELLANEOUS CHEMICAL PRODUCTS
38,heading,"Artificial graphite; colloidal or semi-colloidal graphite; preparations based on graphite or other carbon in the form of pastes, blocks, plates or other semi-manufactures"
38,heading,"Activated carbon; activated natural mineral products; animal black, including spent animal black"
38,heading,"Tall oil, whether or not refined"
38,heading,"Residual lyes from the manufacture of wood pulp, whether or not concentrated, desugared or chemically treated, including lignin sulphonates, but excluding tall oil of heading 3803"
38,heading,"Gum, wood or sulphate turpentine and other terpenic oils produced by the distillation or other treatment of coniferous woods; crude dipentene; sulphite turpentine and other crude para-cymene; pine oil containing alpha-terpineol as the main constituent"
38,heading,"Rosin and resin acids, and derivatives thereof; rosin spirit and rosin oils; run gums"
38,heading,"Wood tar; wood tar oils; wood creosote; wood naphtha; vegetable pitch; brewers' pitch and similar preparations based on rosin, resin acids or on vegetable pitch"
38,heading,"Insecticides, rodenticides, fungicides, herbicides, anti-sprouting products and plant-growth regulators, disinfectants and similar products, put up in forms or packings for retail sale or as preparations or articles (for example, sulphur-treated bands, wicks and candles, and fly-papers)"
38,heading,"Finishing agents, dye carriers to accelerate the dyeing or fixing of dyestuffs and other products and preparations (for example, dressings and mordants), of a kind used in the textile, paper, leather or like industries, not elsewhere specified or included"
38,heading,"Pickling preparations for metal surfaces; fluxes and other auxiliary preparations for soldering, brazing or welding; soldering, brazing or welding powders and pastes consisting of metal and other materials; preparations of a kind used as cores or coatings for welding electrodes or rods"
38,heading,"Anti-knock preparations, oxidation inhibitors, gum inhibitors, viscosity improvers, anti-corrosive preparations and other prepared additives, for mineral oils (including gasoline) or for other liquids used for the same purposes as mineral oils"
38,heading,"Prepared rubber accelerators; compound plasticisers for rubber or plastics, not elsewhere specified or included; anti-oxidising preparations and other compound stabilisers for rubber or plastics"
38,heading,Preparations and charges for fire-extinguishers; charged fire-extinguishing grenades
38,heading,"Organic composite solvents and thinners, not elsewhere specified or included; prepared paint or varnish removers"
38,heading,"Reaction initiators, reaction accelerators and catalytic preparations, not elsewhere specified or included"
38,heading,"Refractory cements, mortars, concretes and similar compositions, including dolomite ramming mix, other than products of heading 3801"
38,heading,"Mixed alkylbenzenes and mixed alkylnaphthalenes, other than those of heading 2707 or 2902"
38,heading,"Chemical elements doped for use in electronics, in the form of discs, wafers or similar forms; chemical compounds doped for use in electronics"
38,heading,"Hydraulic brake fluids and other prepared liquids for hydraulic transmission, not containing or containing less than 70 % by weight of petroleum oils or oils obtained from bituminous minerals"
38,heading,Anti-freezing preparations and prepared de-icing fluids
38,heading,"Prepared culture media for the development or maintenance of micro-organisms (including viruses and the like) or of plant, human or animal cells"
38,heading,"Diagnostic or laboratory reagents on a backing, prepared diagnostic or laboratory reagents whether or not on a backing, whether or not put up in the form of kits, other than those of heading 3006; certified reference materials"
38,heading,Industrial monocarboxylic fatty acids; acid oils from refining; industrial fatty alcohols
38,heading,"Prepared binders for foundry moulds or cores; chemical products and preparations of the chemical or allied industries (including those consisting of mixtures of natural products), not elsewhere specified or included"
38,heading,"Residual products of the chemical or allied industries, not elsewhere specified or included; municipal waste; sewage sludge; other wastes specified in note 6 to this chapter"
38,heading,"Biodiesel and mixtures thereof, not containing or containing less than 70 % by weight of petroleum oils or oils obtained from bituminous minerals"
38,heading,"Mixtures containing halogenated derivatives of methane, ethane or propane, not elsewhere specified or included"
39,chapter,PLASTICS AND ARTICLES THEREOF
39,heading,"Polymers of ethylene, in primary forms"
39,heading,"Polymers of propylene or of other olefins, in primary forms"
39,heading,"Polymers of styrene, in primary forms"
39,heading,"Polymers of vinyl chloride or of other halogenated olefins, in primary forms"
39,heading,"Polymers of vinyl acetate or of other vinyl esters, in primary forms; other vinyl polymers in primary forms"
39,heading,Acrylic polymers in primary forms
39,heading,"Polyacetals, other polyethers and epoxide resins, in primary forms; polycarbonates, alkyd resins, polyallyl esters and other polyesters, in primary forms"
39,heading,Polyamides in primary forms
39,heading,"Amino-resins, phenolic resins and polyurethanes, in primary forms"
39,heading,Silicones in primary forms
39,heading,"Petroleum resins, coumarone-indene resins, polyterpenes, polysulphides, polysulphones and other products specified in note 3 to this chapter, not elsewhere specified or included, in primary forms"
39,heading,"Cellulose and its chemical derivatives, not elsewhere specified or included, in primary forms"
39,heading,"Natural polymers (for example, alginic acid) and modified natural polymers (for example, hardened proteins, chemical derivatives of natural rubber), not elsewhere specified or included, in primary forms"
39,heading,"Ion-exchangers based on polymers of headings 3901 to 3913, in primary forms"
39,heading,I. PRIMARY FORMS
39,heading,"Waste, parings and scrap, of plastics"
39,heading,"Monofilament of which any cross-sectional dimension exceeds 1 mm, rods, sticks and profile shapes, whether or not surface-worked but not otherwise worked, of plastics"
39,heading,"Tubes, pipes and hoses, and fittings therefor (for example, joints, elbows, flanges), of plastics"
39,heading,"Floor coverings of plastics, whether or not self-adhesive, in rolls or in the form of tiles; wall or ceiling coverings of plastics, as defined in note 9 to this chapter"
39,heading,"Self-adhesive plates, sheets, film, foil, tape, strip and other flat shapes, of plastics, whether or not in rolls"
39,heading,"Other plates, sheets, film, foil and strip, of plastics, non-cellular and not reinforced, laminated, supported or similarly combined with other materials"
39,heading,"Other plates, sheets, film, foil and strip, of plastics"
39,heading,"Baths, shower-baths, sinks, washbasins, bidets, lavatory pans, seats and covers, flushing cisterns and similar sanitary ware, of plastics"
39,heading,"Articles for the conveyance or packing of goods, of plastics; stoppers, lids, caps and other closures, of plastics"
39,heading,"Tableware, kitchenware, other household articles and hygienic or toilet articles, of plastics"
39,heading,"Builders' ware of plastics, not elsewhere specified or included"
39,heading,Other articles of plastics and articles of other materials of headings 3901 to 3914
39,heading,"II. WASTE, PARINGS AND SCRAP; SEMI-MANUFACTURES; ARTICLES"
40,chapter,RUBBER AND ARTICLES THEREOF
40,heading,"Natural rubber, balata, gutta-percha, guayule, chicle and similar natural gums, in primary forms or in plates, sheets or strip"
40,heading,"Synthetic rubber and factice derived from oils, in primary forms or in plates, sheets or strip; mixtures of any product of heading 4001 with any product of this heading, in primary forms or in plates, sheets or strip"
40,heading,"Reclaimed rubber in primary forms or in plates, sheets or strip"
40,heading,"Waste, parings and scrap of rubber (other than hard rubber) and powders and granules obtained therefrom"
40,heading,"Compounded rubber, unvulcanised, in primary forms or in plates, sheets or strip"
40,heading,"Other forms (for example, rods, tubes and profile shapes) and articles (for example, discs and rings), of unvulcanised rubber"
40,heading,Vulcanised rubber thread and cord
40,heading,"Plates, sheets, strip, rods and profile shapes, of vulcanised rubber other than hard rubber"
40,heading,"Tubes, pipes and hoses, of vulcanised rubber other than hard rubber, with or without their fittings (for example, joints, elbows, flanges)"
40,heading,"Conveyor or transmission belts or belting, of vulcanised rubber"
40,heading,"New pneumatic tyres, of rubber"
40,heading,"Retreaded or used pneumatic tyres of rubber; solid or cushion tyres, tyre treads and tyre flaps, of rubber"
40,heading,"Inner tubes, of rubber"
40,heading,"Hygienic or pharmaceutical articles (including teats), of vulcanised rubber other than hard rubber, with or without fittings of hard rubber"
40,heading,"Articles of apparel and clothing accessories (including gloves, mittens and mitts), for all purposes, of vulcanised rubber other than hard rubber"
40,heading,Other articles of vulcanised rubber other than hard rubber
40,heading,"Hard rubber (for example, ebonite) in all forms, including waste and scrap; articles of hard rubber"
41,chapter,RAW HIDES AND SKINS (OTHER THAN FURSKINS) AND LEATHER
41,heading,"Raw hides and skins of bovine (including buffalo) or equine animals (fresh, or salted, dried, limed, pickled or otherwise preserved, but not tanned, parchment-dressed or further prepared), whether or not dehaired or split"
41,heading,"Raw skins of sheep or lambs (fresh, or salted, dried, limed, pickled or otherwise preserved, but not tanned, parchment-dressed or further prepared), whether or not with wool on or split, other than those excluded by note 1(c) to this chapter"
41,heading,"Other raw hides and skins (fresh, or salted, dried, limed, pickled or otherwise preserved, but not tanned, parchment-dressed or further prepared), whether or not dehaired or split, other than those excluded by note 1(b) or 1(c) to this chapter"
41,heading,"Tanned or crust hides and skins of bovine (including buffalo) or equine animals, without hair on, whether or not split, but not further prepared"
41,heading,"Tanned or crust skins of sheep or lambs, without wool on, whether or not split, but not further prepared"
41,heading,"Tanned or crust hides and skins of other animals, without wool or hair on, whether or not split, but not further prepared"
41,heading,"Leather further prepared after tanning or crusting, including parchment-dressed leather, of bovine (including buffalo) or equine animals, without hair on, whether or not split, other than leather of heading 4114"
41,heading,"Leather further prepared after tanning or crusting, including parchment-dressed leather, of sheep or lamb, without wool on, whether or not split, other than leather of heading 4114"
41,heading,"Leather further prepared after tanning or crusting, including parchment-dressed leather, of other animals, without wool or hair on, whether or not split, other than leather of heading 4114"
41,heading,Chamois (including combination chamois) leather; patent leather and patent laminated leather; metallised leather
41,heading,"Composition leather with a basis of leather or leather fibre, in slabs, sheets or strip, whether or not in rolls; parings and other waste of leather or of composition leather, not suitable for the manufacture of leather articles; leather dust, powder and flour"
42,chapter,"ARTICLES OF LEATHER; SADDLERY AND HARNESS; TRAVEL GOODS, HANDBAGS AND SIMILAR CONTAINERS; ARTICLES OF ANIMAL GUT (OTHER THAN SILKWORM GUT)"
42,heading,"Saddlery and harness for any animal (including traces, leads, knee pads, muzzles, saddle-cloths, saddlebags, dog coats and the like), of any material"
42,heading,"Trunks, suitcases, vanity cases, executive-cases, briefcases, school satchels, spectacle cases, binocular cases, camera cases, musical instrument cases, gun cases, holsters and similar containers; travelling-bags, insulated food or beverages bags, toilet bags, rucksacks, handbags, shopping-bags, wallets, purses, map-cases, cigarette-cases, tobacco-pouches, tool bags, sports bags, bottle-cases, jewellery boxes, powder boxes, cutlery cases and similar containers, of leather or of composition leather, of sheeting of plastics, of textile materials, of vulcanised fibre or of paperboard, or wholly or mainly covered with such materials or with paper"
42,heading,"Articles of apparel and clothing accessories, of leather or of composition leather"
42,heading,Other articles of leather or of composition leather
42,heading,"Articles of gut (other than silkworm gut), of goldbeater's skin, of bladders or of tendons"
43,chapter,FURSKINS AND ARTIFICIAL FUR; MANUFACTURES THEREOF
43,heading,"Raw furskins (including heads, tails, paws and other pieces or cuttings, suitable for furriers' use), other than raw hides and skins of heading 4101, 4102 or 4103"
43,heading,"Tanned or dressed furskins (including heads, tails, paws and other pieces or cuttings), unassembled, or assembled (without the addition of other materials) other than those of heading 4303"
43,heading,"Articles of apparel, clothing accessories and other articles of furskin"
43,heading,Artificial fur and articles thereof
44,chapter,WOOD AND ARTICLES OF WOOD; WOOD CHARCOAL
44,heading,"Fuel wood, in logs, in billets, in twigs, in faggots or in similar forms; wood in chips or particles; sawdust and wood waste and scrap, whether or not agglomerated in logs, briquettes, pellets or similar forms"
44,heading,"Wood charcoal (including shell or nut charcoal), whether or not agglomerated"
44,heading,"Wood in the rough, whether or not stripped of bark or sapwood, or roughly squared"
44,heading,"Hoopwood; split poles; piles, pickets and stakes of wood, pointed but not sawn lengthwise; wooden sticks, roughly trimmed but not turned, bent or otherwise worked, suitable for the manufacture of walking sticks, umbrellas, tool handles or the like; chipwood and the like"
44,heading,Wood wool; wood flour
44,heading,Railway or tramway sleepers (cross-ties) of wood
44,heading,"Wood sawn or chipped lengthwise, sliced or peeled, whether or not planed, sanded or end-jointed, of a thickness exceeding 6 mm"
44,heading,"Sheets for veneering (including those obtained by slicing laminated wood), for plywood or for similar laminated wood and other wood, sawn lengthwise, sliced or peeled, whether or not planed, sanded, spliced or end-jointed, of a thickness not exceeding 6 mm"
44,heading,"Wood (including strips and friezes for parquet flooring, not assembled) continuously shaped (tongued, grooved, rebated, chamfered, V-jointed, beaded, moulded, rounded or the like) along any of its edges, ends or faces, whether or not planed, sanded or end-jointed"
44,heading,"Particle board, oriented strand board (OSB) and similar board (for example, waferboard) of wood or other ligneous materials, whether or not agglomerated with resins or other organic binding substances"
44,heading,"Fibreboard of wood or other ligneous materials, whether or not bonded with resins or other organic substances"
44,heading,"Plywood, veneered panels and similar laminated wood"
44,heading,"Densified wood, in blocks, plates, strips or profile shapes"
44,heading,"Wooden frames for paintings, photographs, mirrors or similar objects"
44,heading,"Packing cases, boxes, crates, drums and similar packings, of wood; cable-drums of wood; pallets, box pallets and other load boards, of wood; pallet collars of wood"
44,heading,"Casks, barrels, vats, tubs and other coopers' products and parts thereof, of wood, including staves"
44,heading,"Tools, tool bodies, tool handles, broom or brush bodies and handles, of wood; boot or shoe lasts and trees, of wood"
44,heading,"Builders' joinery and carpentry of wood, including cellular wood panels, assembled flooring panels, shingles and shakes"
44,heading,"Tableware and kitchenware, of wood"
44,heading,"Wood marquetry and inlaid wood; caskets and cases for jewellery or cutlery, and similar articles, of wood; statuettes and other ornaments, of wood; wooden articles of furniture not falling in Chapter 94"
44,heading,Other articles of wood
45,chapter,CORK AND ARTICLES OF CORK
45,heading,"Natural cork, raw or simply prepared; waste cork; crushed, granulated or ground cork"
45,heading,"Natural cork, debacked or roughly squared, or in rectangular (including square) blocks, plates, sheets or strip (including sharp-edged blanks for corks or stoppers)"
45,heading,Articles of natural cork
45,heading,Agglomerated cork (with or without a binding substance) and articles of agglomerated cork
46,chapter,"MANUFACTURES OF STRAW, OF ESPARTO OR OF OTHER PLAITING MATERIALS; BASKETWARE AND WICKERWORK"
46,heading,"Plaits and similar products of plaiting materials, whether or not assembled into strips; plaiting materials, plaits and similar products of plaiting materials, bound together in parallel strands or woven, in sheet form, whether or not being finished articles (for example, mats, matting, screens)"
46,heading,"Basketwork, wickerwork and other articles, made directly to shape from plaiting materials or made up from goods of heading 4601; articles of loofah"
47,chapter,PULP OF WOOD OR OF OTHER FIBROUS CELLULOSIC MATERIAL; RECOVERED (WASTE AND SCRAP) PAPER OR PAPERBOARD
47,heading,Mechanical wood pulp
47,heading,"Chemical wood pulp, dissolving grades"
47,heading,"Chemical wood pulp, soda or sulphate, other than dissolving grades"
47,heading,"Chemical wood pulp, sulphite, other than dissolving grades"
47,heading,Wood pulp obtained by a combination of mechanical and chemical pulping processes
47,heading,Pulps of fibres derived from recovered (waste and scrap) paper or paperboard or of other fibrous cellulosic material
47,heading,Recovered (waste and scrap) paper or paperboard
48,chapter,"PAPER AND PAPERBOARD; ARTICLES OF PAPER PULP, OF PAPER OR OF PAPERBOARD"
48,heading,"Newsprint, in rolls or sheets"
48,heading,"Uncoated paper and paperboard, of a kind used for writing, printing or other graphic purposes, and non-perforated punchcards and punch-tape paper, in rolls or rectangular (including square) sheets, of any size, other than paper of heading 4801 or 4803; handmade paper and paperboard"
48,heading,"Toilet or facial tissue stock, towel or napkin stock and similar paper of a kind used for household or sanitary purposes, cellulose wadding and webs of cellulose fibres, whether or not creped, crinkled, embossed, perforated, surface-coloured, surface-decorated or printed, in rolls or sheets"
48,heading,"Uncoated kraft paper and paperboard, in rolls or sheets, other than that of heading 4802 or 4803"
48,heading,"Other uncoated paper and paperboard, in rolls or sheets, not further worked or processed than as specified in note 3 to this chapter"
48,heading,"Vegetable parchment, greaseproof papers, tracing papers and glassine and other glazed transparent or translucent papers, in rolls or sheets"
48,heading,"Composite paper and paperboard (made by sticking flat layers of paper or paperboard together with an adhesive), not surface-coated or impregnated, whether or not internally reinforced, in rolls or sheets"
48,heading,"Paper and paperboard, corrugated (with or without glued flat surface sheets), creped, crinkled, embossed or perforated, in rolls or sheets, other than paper of the kind described in heading 4803"
48,heading,"Carbon paper, self-copy paper and other copying or transfer papers (including coated or impregnated paper for duplicator stencils or offset plates), whether or not printed, in rolls or sheets"
48,heading,"Paper and paperboard, coated on one or both sides with kaolin (China clay) or other inorganic substances, with or without a binder, and with no other coating, whether or not surface-coloured, surface-decorated or printed, in rolls or rectangular (including square) sheets, of any size"
48,heading,"Paper, paperboard, cellulose wadding and webs of cellulose fibres, coated, impregnated, covered, surface-coloured, surface-decorated or printed, in rolls or rectangular (including square) sheets, of any size, other than goods of the kind described in heading 4803, 4809 or 4810"
48,heading,"Filter blocks, slabs and plates, of paper pulp"
48,heading,"Cigarette paper, whether or not cut to size or in the form of booklets or tubes"
48,heading,Wallpaper and similar wallcoverings; window transparencies of paper
48,heading,"Carbon paper, self-copy paper and other copying or transfer papers (other than those of heading 4809), duplicator stencils and offset plates, of paper, whether or not put up in boxes"
48,heading,"Envelopes, letter cards, plain postcards and correspondence cards, of paper or paperboard; boxes, pouches, wallets and writing compendiums, of paper or paperboard, containing an assortment of paper stationery"
48,heading,"Toilet paper and similar paper, cellulose wadding or webs of cellulose fibres, of a kind used for household or sanitary purposes, in rolls of a width not exceeding 36 cm, or cut to size or shape; handkerchiefs, cleansing tissues, towels, tablecloths, serviettes, bedsheets and similar household, sanitary or hospital articles, articles of apparel and clothing accessories, of paper pulp, paper, cellulose wadding or webs of cellulose fibres"
48,heading,"Cartons, boxes, cases, bags and other packing containers, of paper, paperboard, cellulose wadding or webs of cellulose fibres; box files, letter trays, and similar articles, of paper or paperboard, of a kind used in offices, shops or the like"
48,heading,"Registers, account books, notebooks, order books, receipt books, letter pads, memorandum pads, diaries and similar articles, exercise books, blotting pads, binders (loose-leaf or other), folders, file covers, manifold business forms, interleaved carbon sets and other articles of stationery, of paper or paperboard; albums for samples or for collections and book covers, of paper or paperboard"
48,heading,"Paper or paperboard labels of all kinds, whether or not printed"
48,heading,"Bobbins, spools, cops and similar supports, of paper pulp, paper or paperboard (whether or not perforated or hardened)"
48,heading,"Other paper, paperboard, cellulose wadding and webs of cellulose fibres, cut to size or shape; other articles of paper pulp, paper, paperboard, cellulose wadding or webs of cellulose fibres"
49,chapter,"PRINTED BOOKS, NEWSPAPERS, PICTURES AND OTHER PRODUCTS OF THE PRINTING INDUSTRY; MANUSCRIPTS, TYPESCRIPTS AND PLANS"
49,heading,"Printed books, brochures, leaflets and similar printed matter, whether or not in single sheets"
49,heading,"Newspapers, journals and periodicals, whether or not illustrated or containing advertising material"
49,heading,"Children's picture, drawing or colouring books"
49,heading,"Music, printed or in manuscript, whether or not bound or illustrated"
49,heading,"Maps and hydrographic or similar charts of all kinds, including atlases, wall maps, topographical plans and globes, printed"
49,heading,"Plans and drawings for architectural, engineering, industrial, commercial, topographical or similar purposes, being originals drawn by hand; handwritten texts; photographic reproductions on sensitised paper and carbon copies of the foregoing"
49,heading,"Unused postage, revenue or similar stamps of current or new issue in the country in which they have, or will have, a recognised face value; stamp-impressed paper; banknotes; cheque forms; stock, share or bond certificates and similar documents of title"
49,heading,Transfers (decalcomanias)
49,heading,"Printed or illustrated postcards; printed cards bearing personal greetings, messages or announcements, whether or not illustrated, with or without envelopes or trimmings"
49,heading,"Calendars of any kind, printed, including calendar blocks"
49,heading,"Other printed matter, including printed pictures and photographs"
50,chapter,SILK
50,heading,Silkworm cocoons suitable for reeling
50,heading,Raw silk (not thrown)
50,heading,"Silk waste (including cocoons unsuitable for reeling, yarn waste and garnetted stock)"
50,heading,Silk yarn (other than yarn spun from silk waste) not put up for retail sale
50,heading,"Yarn spun from silk waste, not put up for retail sale"
50,heading,"Silk yarn and yarn spun from silk waste, put up for retail sale; silkworm gut"
50,heading,Woven fabrics of silk or of silk waste
51,chapter,"WOOL, FINE OR COARSE ANIMAL HAIR; HORSEHAIR YARN AND WOVEN FABRIC"
51,heading,"Wool, not carded or combed"
51,heading,"Fine or coarse animal hair, not carded or combed"
51,heading,"Waste of wool or of fine or coarse animal hair, including yarn waste but excluding garnetted stock"
51,heading,Garnetted stock of wool or of fine or coarse animal hair
51,heading,"Wool and fine or coarse animal hair, carded or combed (including combed wool in fragments)"
51,heading,"Yarn of carded wool, not put up for retail sale"
51,heading,"Yarn of combed wool, not put up for retail sale"
51,heading,"Yarn of fine animal hair (carded or combed), not put up for retail sale"
51,heading,"Yarn of wool or of fine animal hair, put up for retail sale"
51,heading,"Yarn of coarse animal hair or of horsehair (including gimped horsehair yarn), whether or not put up for retail sale"
51,heading,Woven fabrics of carded wool or of carded fine animal hair
51,heading,Woven fabrics of combed wool or of combed fine animal hair
51,heading,Woven fabrics of coarse animal hair or of horsehair
52,chapter,COTTON
52,heading,"Cotton, not carded or combed"
52,heading,Cotton waste (including yarn waste and garnetted stock)
52,heading,"Cotton, carded or combed"
52,heading,"Cotton sewing thread, whether or not put up for retail sale"
52,heading,"Cotton yarn (other than sewing thread), containing 85 % or more by weight of cotton, not put up for retail sale"
52,heading,"Cotton yarn (other than sewing thread), containing less than 85 % by weight of cotton, not put up for retail sale"
52,heading,Cotton yarn (other than sewing thread) put up for retail sale
52,heading,"Woven fabrics of cotton, containing 85 % or more by weight of cotton, weighing not more than 200 g/m<sup>2</sup>"
52,heading,"Woven fabrics of cotton, containing 85 % or more by weight of cotton, weighing more than 200 g/m<sup>2</sup>"
52,heading,"Woven fabrics of cotton, containing less than 85 % by weight of cotton, mixed mainly or solely with man-made fibres, weighing not more than 200 g/m<sup>2</sup>"
52,heading,"Woven fabrics of cotton, containing less than 85 % by weight of cotton, mixed mainly or solely with man-made fibres, weighing more than 200 g/m<sup>2</sup>"
52,heading,Other woven fabrics of cotton
53,chapter,OTHER VEGETABLE TEXTILE FIBRES; PAPER YARN AND WOVEN FABRICS OF PAPER YARN
53,heading,"Flax, raw or processed but not spun; flax tow and waste (including yarn waste and garnetted stock)"
53,heading,"True hemp (Cannabis sativa L.), raw or processed but not spun; tow and waste of true hemp (including yarn waste and garnetted stock)"
53,heading,"Jute and other textile bast fibres (excluding flax, true hemp and ramie), raw or processed but not spun; tow and waste of these fibres (including yarn waste and garnetted stock)"
53,heading,"Coconut, abaca (Manila hemp or Musa textilis Nee), ramie and other vegetable textile fibres, not elsewhere specified or included, raw or processed but not spun; tow, noils and waste of these fibres (including yarn waste and garnetted stock)"
53,heading,Flax yarn
53,heading,Yarn of jute or of other textile bast fibres of heading 5303
53,heading,Yarn of other vegetable textile fibres; paper yarn
53,heading,Woven fabrics of flax
53,heading,Woven fabrics of jute or of other textile bast fibres of heading 5303
53,heading,Woven fabrics of other vegetable textile fibres; woven fabrics of paper yarn
54,chapter,MAN-MADE FILAMENTS; STRIP AND THE LIKE OF MAN-MADE TEXTILE MATERIALS
54,heading,"Sewing thread of man-made filaments, whether or not put up for retail sale"
54,heading,"Synthetic filament yarn (other than sewing thread), not put up for retail sale, including synthetic monofilament of less than 67 decitex"
54,heading,"Artificial filament yarn (other than sewing thread), not put up for retail sale, including artificial monofilament of less than 67 decitex"
54,heading,"Synthetic monofilament of 67 decitex or more and of which no cross-sectional dimension exceeds 1 mm; strip and the like (for example, artificial straw), of synthetic textile materials, of an apparent width not exceeding 5 mm"
54,heading,"Artificial monofilament of 67 decitex or more and of which no cross-sectional dimension exceeds 1 mm; strip and the like (for example, artificial straw), of artificial textile materials, of an apparent width not exceeding 5 mm"
54,heading,"Man-made filament yarn (other than sewing thread), put up for retail sale"
54,heading,"Woven fabrics of synthetic filament yarn, including woven fabrics obtained from materials of heading 5404"
54,heading,"Woven fabrics of artificial filament yarn, including woven fabrics obtained from materials of heading 5405"
55,chapter,MAN-MADE STAPLE FIBRES
55,heading,Synthetic filament tow
55,heading,Artificial filament tow
55,heading,"Synthetic staple fibres, not carded, combed or otherwise processed for spinning"
55,heading,"Artificial staple fibres, not carded, combed or otherwise processed for spinning"
55,heading,"Waste (including noils, yarn waste and garnetted stock) of man-made fibres"
55,heading,"Synthetic staple fibres, carded, combed or otherwise processed for spinning"
55,heading,"Artificial staple fibres, carded, combed or otherwise processed for spinning"
55,heading,"Sewing thread of man-made staple fibres, whether or not put up for retail sale"
55,heading,"Yarn (other than sewing thread) of synthetic staple fibres, not put up for retail sale"
55,heading,"Yarn (other than sewing thread) of artificial staple fibres, not put up for retail sale"
55,heading,"Yarn (other than sewing thread) of man-made staple fibres, put up for retail sale"
55,heading,"Woven fabrics of synthetic staple fibres, containing 85 % or more by weight of synthetic staple fibres"
55,heading,"Woven fabrics of synthetic staple fibres, containing less than 85 % by weight of such fibres, mixed mainly or solely with cotton, of a weight not exceeding 170 g/m<sup>2</sup>"
55,heading,"Woven fabrics of synthetic staple fibres, containing less than 85 % by weight of such fibres, mixed mainly or solely with cotton, of a weight exceeding 170 g/m<sup>2</sup>"
55,heading,Other woven fabrics of synthetic staple fibres
55,heading,Woven fabrics of artificial staple fibres
56,chapter,"WADDING, FELT AND NONWOVENS; SPECIAL YARNS; TWINE, CORDAGE, ROPES AND CABLES AND ARTICLES THEREOF"
56,heading,"Wadding of textile materials and articles thereof; textile fibres, not exceeding 5 mm in length (flock), textile dust and mill neps"
56,heading,"Felt, whether or not impregnated, coated, covered or laminated"
56,heading,"Nonwovens, whether or not impregnated, coated, covered or laminated"
56,heading,"Rubber thread and cord, textile covered; textile yarn, and strip and the like of heading 5404 or 5405, impregnated, coated, covered or sheathed with rubber or plastics"
56,heading,"Metallised yarn, whether or not gimped, being textile yarn, or strip or the like of heading 5404 or 5405, combined with metal in the form of thread, strip or powder or covered with metal"
56,heading,"Gimped yarn, and strip and the like of heading 5404 or 5405, gimped (other than those of heading 5605 and gimped horsehair yarn); chenille yarn (including flock chenille yarn); loop wale-yarn"
56,heading,"Twine, cordage, ropes and cables, whether or not plaited or braided and whether or not impregnated, coated, covered or sheathed with rubber or plastics"
56,heading,"Knotted netting of twine, cordage or rope; made-up fishing nets and other made-up nets, of textile materials"
56,heading,"Articles of yarn, strip or the like of heading 5404 or 5405, twine, cordage, rope or cables, not elsewhere specified or included"
57,chapter,CARPETS AND OTHER TEXTILE FLOOR COVERINGS
57,heading,"Carpets and other textile floor coverings, knotted, whether or not made up"
57,heading,"Carpets and other textile floor coverings, woven, not tufted or flocked, whether or not made up, including 'Kelem', 'Schumacks', 'Karamanie' and similar hand-woven rugs"
57,heading,"Carpets and other textile floor coverings (including turf), tufted, whether or not made up"
57,heading,"Carpets and other textile floor coverings, of felt, not tufted or flocked, whether or not made up"
57,heading,"Other carpets and other textile floor coverings, whether or not made up"
58,chapter,SPECIAL WOVEN FABRICS; TUFTED TEXTILE FABRICS; LACE; TAPESTRIES; TRIMMINGS; EMBROIDERY
58,heading,"Woven pile fabrics and chenille fabrics, other than fabrics of heading 5802 or 5806"
58,heading,"Terry towelling and similar woven terry fabrics, other than narrow fabrics of heading 5806; tufted textile fabrics, other than products of heading 5703"
58,heading,"Gauze, other than narrow fabrics of heading 5806"
58,heading,"Tulles and other net fabrics, not including woven, knitted or crocheted fabrics; lace in the piece, in strips or in motifs, other than fabrics of headings 6002 to 6006"
58,heading,"Hand-woven tapestries of the type Gobelins, Flanders, Aubusson, Beauvais and the like, and needle-worked tapestries (for example, petit point, cross stitch), whether or not made up"
58,heading,"Narrow woven fabrics, other than goods of heading 5807; narrow fabrics consisting of warp without weft assembled by means of an adhesive (bolducs)"
58,heading,"Labels, badges and similar articles of textile materials, in the piece, in strips or cut to shape or size, not embroidered"
58,heading,"Braids in the piece; ornamental trimmings in the piece, without embroidery, other than knitted or crocheted; tassels, pompons and similar articles"
58,heading,"Woven fabrics of metal thread and woven fabrics of metallised yarn of heading 5605, of a kind used in apparel, as furnishing fabrics or for similar purposes, not elsewhere specified or included"
58,heading,"Embroidery in the piece, in strips or in motifs"
58,heading,"Quilted textile products in the piece, composed of one or more layers of textile materials assembled with padding by stitching or otherwise, other than embroidery of heading 5810"
59,chapter,"IMPREGNATED, COATED, COVERED OR LAMINATED TEXTILE FABRICS; TEXTILE ARTICLES OF A KIND SUITABLE FOR INDUSTRIAL USE"
59,heading,"Textile fabrics coated with gum or amylaceous substances, of a kind used for the outer covers of books or the like; tracing cloth; prepared painting canvas; buckram and similar stiffened textile fabrics of a kind used for hat foundations"
59,heading,"Tyre cord fabric of high-tenacity yarn of nylon or other polyamides, polyesters or viscose rayon"
59,heading,"Textile fabrics impregnated, coated, covered or laminated with plastics, other than those of heading 5902"
59,heading,"Linoleum, whether or not cut to shape; floor coverings consisting of a coating or covering applied on a textile backing, whether or not cut to shape"
59,heading,Textile wall coverings
59,heading,"Rubberised textile fabrics, other than those of heading 5902"
59,heading,"Textile fabrics otherwise impregnated, coated or covered; painted canvas being theatrical scenery, studio backcloths or the like"
59,heading,"Textile wicks, woven, plaited or knitted, for lamps, stoves, lighters, candles or the like; incandescent gas mantles and tubular knitted gas-mantle fabric therefor, whether or not impregnated"
59,heading,"Textile hosepiping and similar textile tubing, with or without lining, armour or accessories of other materials"
59,heading,"Transmission or conveyor belts or belting, of textile material, whether or not impregnated, coated, covered or laminated with plastics, or reinforced with metal or other material"
59,heading,"Textile products and articles, for technical uses, specified in note 8 to this chapter"
60,chapter,KNITTED OR CROCHETED FABRICS
60,heading,"Pile fabrics, including 'long pile' fabrics and terry fabrics, knitted or crocheted"
60,heading,"Knitted or crocheted fabrics of a width not exceeding 30 cm, containing by weight 5 % or more of elastomeric yarn or rubber thread, other than those of heading 6001"
60,heading,"Knitted or crocheted fabrics of a width not exceeding 30 cm, other than those of heading 6001 or 6002"
60,heading,"Knitted or crocheted fabrics of a width exceeding 30 cm, containing by weight 5 % or more of elastomeric yarn or rubber thread, other than those of heading 6001"
60,heading,"Warp knit fabrics (including those made on galloon knitting machines), other than those of headings 6001 to 6004"
60,heading,Other knitted or crocheted fabrics
61,chapter,"ARTICLES OF APPAREL AND CLOTHING ACCESSORIES, KNITTED OR CROCHETED"
61,heading,"Men's or boys' overcoats, car coats, capes, cloaks, anoraks (including ski jackets), windcheaters, wind-jackets and similar articles, knitted or crocheted, other than those of heading 6103"
61,heading,"Women's or girls' overcoats, car coats, capes, cloaks, anoraks (including ski jackets), windcheaters, wind-jackets and similar articles, knitted or crocheted, other than those of heading 6104"
61,heading,"Men's or boys' suits, ensembles, jackets, blazers, trousers, bib and brace overalls, breeches and shorts (other than swimwear), knitted or crocheted"
61,heading,"Women's or girls' suits, ensembles, jackets, blazers, dresses, skirts, divided skirts, trousers, bib and brace overalls, breeches and shorts (other than swimwear), knitted or crocheted"
61,heading,"Men's or boys' shirts, knitted or crocheted"
61,heading,"Women's or girls' blouses, shirts and shirt-blouses, knitted or crocheted"
61,heading,"Men's or boys' underpants, briefs, nightshirts, pyjamas, bathrobes, dressing gowns and similar articles, knitted or crocheted"
61,heading,"Women's or girls' slips, petticoats, briefs, panties, nightdresses, pyjamas, négligés, bathrobes, dressing gowns and similar articles, knitted or crocheted"
61,heading,"T-shirts, singlets and other vests, knitted or crocheted"
61,heading,"Jerseys, pullovers, cardigans, waistcoats and similar articles, knitted or crocheted"
61,heading,"Babies' garments and clothing accessories, knitted or crocheted"
61,heading,"Tracksuits, ski suits and swimwear, knitted or crocheted"
61,heading,"Garments, made up of knitted or crocheted fabrics of heading 5903, 5906 or 5907"
61,heading,"Other garments, knitted or crocheted"
61,heading,"Pantyhose, tights, stockings, socks and other hosiery, including graduated compression hosiery (for example, stockings for varicose veins) and footwear without applied soles, knitted or crocheted"
61,heading,"Gloves, mittens and mitts, knitted or crocheted"
61,heading,"Other made-up clothing accessories, knitted or crocheted; knitted or crocheted parts of garments or of clothing accessories"
62,chapter,"ARTICLES OF APPAREL AND CLOTHING ACCESSORIES, NOT KNITTED OR CROCHETED"
62,heading,"Men's or boys' overcoats, car-coats, capes, cloaks, anoraks (including ski-jackets), wind-cheaters, wind-jackets and similar articles, other than those of heading 6203"
62,heading,"Women's or girls' overcoats, car-coats, capes, cloaks, anoraks (including ski-jackets), wind-cheaters, wind-jackets and similar articles, other than those of heading 6204"
62,heading,"Men's or boys' suits, ensembles, jackets, blazers, trousers, bib and brace overalls, breeches and shorts (other than swimwear)"
62,heading,"Women's or girls' suits, ensembles, jackets, blazers, dresses, skirts, divided skirts, trousers, bib and brace overalls, breeches and shorts (other than swimwear)"
62,heading,Men's or boys' shirts
62,heading,"Women's or girls' blouses, shirts and shirt-blouses"
62,heading,"Men's or boys' singlets and other vests, underpants, briefs, nightshirts, pyjamas, bathrobes, dressing gowns and similar articles"
62,heading,"Women's or girls' singlets and other vests, slips, petticoats, briefs, panties, nightdresses, pyjamas, négligés, bathrobes, dressing gowns and similar articles"
62,heading,Babies' garments and clothing accessories
62,heading,"Garments, made up of fabrics of heading 5602, 5603, 5903, 5906 or 5907"
62,heading,"Tracksuits, ski suits and swimwear; other garments"
62,heading,"Brassières, girdles, corsets, braces, suspenders, garters and similar articles and parts thereof, whether or not knitted or crocheted"
62,heading,Handkerchiefs
62,heading,"Shawls, scarves, mufflers, mantillas, veils and the like"
62,heading,"Ties, bow ties and cravats"
62,heading,"Gloves, mittens and mitts"
62,heading,"Other made-up clothing accessories; parts of garments or of clothing accessories, other than those of heading 6212"
63,chapter,OTHER MADE-UP TEXTILE ARTICLES; SETS; WORN CLOTHING AND WORN TEXTILE ARTICLES; RAGS
63,heading,Blankets and travelling rugs
63,heading,"Bed linen, table linen, toilet linen and kitchen linen"
63,heading,Curtains (including drapes) and interior blinds; curtain or bed valances
63,heading,"Other furnishing articles, excluding those of heading 9404"
63,heading,"Sacks and bags, of a kind used for the packing of goods"
63,heading,"Tarpaulins, awnings and sunblinds; tents (including temporary canopies and similar articles); sails for boats, sailboards or landcraft; camping goods"
63,heading,"Other made-up articles, including dress patterns"
63,heading,I. OTHER MADE-UP TEXTILE ARTICLES
63,heading,"Sets consisting of woven fabric and yarn, whether or not with accessories, for making up into rugs, tapestries, embroidered tablecloths or serviettes, or similar textile articles, put up in packings for retail sale"
63,heading,II. SETS
63,heading,Worn clothing and other worn articles
63,heading,"Used or new rags, scrap twine, cordage, rope and cables and worn-out articles of twine, cordage, rope or cables, of textile materials"
63,heading,III. WORN CLOTHING AND WORN TEXTILE ARTICLES; RAGS
64,chapter,"FOOTWEAR, GAITERS AND THE LIKE; PARTS OF SUCH ARTICLES"
64,heading,"Waterproof footwear with outer soles and uppers of rubber or of plastics, the uppers of which are neither fixed to the sole nor assembled by stitching, riveting, nailing, screwing, plugging or similar processes"
64,heading,Other footwear with outer soles and uppers of rubber or plastics
64,heading,"Footwear with outer soles of rubber, plastics, leather or composition leather and uppers of leather"
64,heading,"Footwear with outer soles of rubber, plastics, leather or composition leather and uppers of textile materials"
64,heading,Other footwear
64,heading,"Parts of footwear (including uppers whether or not attached to soles other than outer soles); removable insoles, heel cushions and similar articles; gaiters, leggings and similar articles, and parts thereof"
65,chapter,HEADGEAR AND PARTS THEREOF
65,heading,"Hat-forms, hat bodies and hoods of felt, neither blocked to shape nor with made brims; plateaux and manchons (including slit manchons), of felt"
65,heading,"Hat-shapes, plaited or made by assembling strips of any material, neither blocked to shape, nor with made brims, nor lined, nor trimmed"
65,heading,"Hats and other headgear, plaited or made by assembling strips of any material, whether or not lined or trimmed"
65,heading,"Hats and other headgear, knitted or crocheted, or made up from lace, felt or other textile fabric, in the piece (but not in strips), whether or not lined or trimmed; hairnets of any material, whether or not lined or trimmed"
65,heading,"Other headgear, whether or not lined or trimmed"
65,heading,"Headbands, linings, covers, hat foundations, hat frames, peaks and chinstraps, for headgear"
66,chapter,"UMBRELLAS, SUN UMBRELLAS, WALKING STICKS, SEAT-STICKS, WHIPS, RIDING-CROPS AND PARTS THEREOF"
66,heading,"Umbrellas and sun umbrellas (including walking-stick umbrellas, garden umbrellas and similar umbrellas)"
66,heading,"Walking sticks, seat-sticks, whips, riding-crops and the like"
66,heading,"Parts, trimmings and accessories of articles of heading 6601 or 6602"
67,chapter,PREPARED FEATHERS AND DOWN AND ARTICLES MADE OF FEATHERS OR OF DOWN; ARTIFICIAL FLOWERS; ARTICLES OF HUMAN HAIR
67,heading,"Skins and other parts of birds with their feathers or down, feathers, parts of feathers, down and articles thereof (other than goods of heading 0505 and worked quills and scapes)"
67,heading,"Artificial flowers, foliage and fruit and parts thereof; articles made of artificial flowers, foliage or fruit"
67,heading,"Human hair, dressed, thinned, bleached or otherwise worked; wool or other animal hair or other textile materials, prepared for use in making wigs or the like"
67,heading,"Wigs, false beards, eyebrows and eyelashes, switches and the like, of human or animal hair or of textile materials; articles of human hair not elsewhere specified or included"
68,chapter,"ARTICLES OF STONE, PLASTER, CEMENT, ASBESTOS, MICA OR SIMILAR MATERIALS"
68,heading,"Setts, curbstones and flagstones, of natural stone (except slate)"
68,heading,"Worked monumental or building stone (except slate) and articles thereof, other than goods of heading 6801; mosaic cubes and the like, of natural stone (including slate), whether or not on a backing; artificially coloured granules, chippings and powder, of natural stone (including slate)"
68,heading,Worked slate and articles of slate or of agglomerated slate
68,heading,"Millstones, grindstones, grinding wheels and the like, without frameworks, for grinding, sharpening, polishing, trueing or cutting, hand sharpening or polishing stones, and parts thereof, of natural stone, of agglomerated natural or artificial abrasives, or of ceramics, with or without parts of other materials"
68,heading,"Natural or artificial abrasive powder or grain, on a base of textile material, of paper, of paperboard or of other materials, whether or not cut to shape or sewn or otherwise made up"
68,heading,"Slag-wool, rock-wool and similar mineral wools; exfoliated vermiculite, expanded clays, foamed slag and similar expanded mineral materials; mixtures and articles of heat-insulating, sound-insulating or sound-absorbing mineral materials, other than those of heading 6811 or 6812 or of Chapter 69"
68,heading,"Articles of asphalt or of similar material (for example, petroleum bitumen or coal tar pitch)"
68,heading,"Panels, boards, tiles, blocks and similar articles of vegetable fibre, of straw or of shavings, chips, particles, sawdust or other waste of wood, agglomerated with cement, plaster or other mineral binders"
68,heading,Articles of plaster or of compositions based on plaster
68,heading,"Articles of cement, of concrete or of artificial stone, whether or not reinforced"
68,heading,"Articles of asbestos-cement, of cellulose fibre-cement or the like"
68,heading,"Fabricated asbestos fibres; mixtures with a basis of asbestos or with a basis of asbestos and magnesium carbonate; articles of such mixtures or of asbestos (for example, thread, woven fabric, clothing, headgear, footwear, gaskets), whether or not reinforced, other than goods of heading 6811 or 6813"
68,heading,"Friction material and articles thereof (for example, sheets, rolls, strips, segments, discs, washers, pads), not mounted, for brakes, for clutches or the like, with a basis of asbestos, of other mineral substances or of cellulose, whether or not combined with textile or other materials"
68,heading,"Worked mica and articles of mica, including agglomerated or reconstituted mica, whether or not on a support of paper, paperboard or other materials"
68,heading,"Articles of stone or of other mineral substances (including carbon fibres, articles of carbon fibres and articles of peat), not elsewhere specified or included"
69,chapter,CERAMIC PRODUCTS
69,heading,"Bricks, blocks, tiles and other ceramic goods of siliceous fossil meals (for example, kieselguhr, tripolite or diatomite) or of similar siliceous earths"
69,heading,"Refractory bricks, blocks, tiles and similar refractory ceramic constructional goods, other than those of siliceous fossil meals or similar siliceous earths"
69,heading,"Other refractory ceramic goods (for example, retorts, crucibles, muffles, nozzles, plugs, supports, cupels, tubes, pipes, sheaths, rods and slide gates), other than those of siliceous fossil meals or of similar siliceous earths"
69,heading,"I. GOODS OF SILICEOUS FOSSIL MEALS OR OF SIMILAR SILICEOUS EARTHS, AND REFRACTORY GOODS"
69,heading,"Ceramic building bricks, flooring blocks, support or filler tiles and the like"
69,heading,"Roofing tiles, chimney pots, cowls, chimney liners, architectural ornaments and other ceramic constructional goods"
69,heading,"Ceramic pipes, conduits, guttering and pipe fittings"
69,heading,"Ceramic flags and paving, hearth or wall tiles; ceramic mosaic cubes and the like, whether or not on a backing; finishing ceramics"
69,heading,"Ceramic wares for laboratory, chemical or other technical uses; ceramic troughs, tubs and similar receptacles of a kind used in agriculture; ceramic pots, jars and similar articles of a kind used for the conveyance or packing of goods"
69,heading,"Ceramic sinks, washbasins, washbasin pedestals, baths, bidets, water closet pans, flushing cisterns, urinals and similar sanitary fixtures"
69,heading,"Tableware, kitchenware, other household articles and toilet articles, of porcelain or china"
69,heading,"Ceramic tableware, kitchenware, other household articles and toilet articles, other than of porcelain or china"
69,heading,Statuettes and other ornamental ceramic articles
69,heading,Other ceramic articles
69,heading,II. OTHER CERAMIC PRODUCTS
70,chapter,GLASS AND GLASSWARE
70,heading,"Cullet and other waste and scrap of glass, excluding glass from cathode-ray tubes or other activated glass of heading 8549; glass in the mass"
70,heading,"Glass in balls (other than microspheres of heading 7018), rods or tubes, unworked"
70,heading,"Cast glass and rolled glass, in sheets or profiles, whether or not having an absorbent, reflecting or non-reflecting layer, but not otherwise worked"
70,heading,"Drawn glass and blown glass, in sheets, whether or not having an absorbent, reflecting or non-reflecting layer, but not otherwise worked"
70,heading,"Float glass and surface ground or polished glass, in sheets, whether or not having an absorbent, reflecting or non-reflecting layer, but not otherwise worked"
70,heading,"Glass of heading 7003, 7004 or 7005, bent, edge-worked, engraved, drilled, enamelled or otherwise worked, but not framed or fitted with other materials"
70,heading,"Safety glass, consisting of toughened (tempered) or laminated glass"
70,heading,Multiple-walled insulating units of glass
70,heading,"Glass mirrors, whether or not framed, including rear-view mirrors"
70,heading,"Carboys, bottles, flasks, jars, pots, phials, ampoules and other containers, of glass, of a kind used for the conveyance or packing of goods; preserving jars of glass; stoppers, lids and other closures, of glass"
70,heading,"Glass envelopes (including bulbs and tubes), open, and glass parts thereof, without fittings, for electric lamps and light sources, cathode-ray tubes or the like"
70,heading,"Glassware of a kind used for table, kitchen, toilet, office, indoor decoration or similar purposes (other than that of heading 7010 or 7018)"
70,heading,"Signalling glassware and optical elements of glass (other than those of heading 7015), not optically worked"
70,heading,"Clock or watch glasses and similar glasses, glasses for non-corrective or corrective spectacles, curved, bent, hollowed or the like, not optically worked; hollow glass spheres and their segments, for the manufacture of such glasses"
70,heading,"Paving blocks, slabs, bricks, squares, tiles and other articles of pressed or moulded glass, whether or not wired, of a kind used for building or construction purposes; glass cubes and other glass smallwares, whether or not on a backing, for mosaics or similar decorative purposes; leaded lights and the like; multicellular or foam glass in blocks, panels, plates, shells or similar forms"
70,heading,"Laboratory, hygienic or pharmaceutical glassware, whether or not graduated or calibrated"
70,heading,"Glass beads, imitation pearls, imitation precious or semi-precious stones and similar glass smallwares, and articles thereof other than imitation jewellery; glass eyes other than prosthetic articles; statuettes and other ornaments of lamp-worked glass, other than imitation jewellery; glass microspheres not exceeding 1 mm in diameter"
70,heading,"Glass fibres (including glass wool) and articles thereof (for example, yarn, rovings, woven fabrics)"
70,heading,Other articles of glass
71,chapter,"NATURAL OR CULTURED PEARLS, PRECIOUS OR SEMI-PRECIOUS STONES, PRECIOUS METALS, METALS CLAD WITH PRECIOUS METAL, AND ARTICLES THEREOF; IMITATION JEWELLERY; COIN"
71,heading,"Pearls, natural or cultured, whether or not worked or graded but not strung, mounted or set; pearls, natural or cultured, temporarily strung for convenience of transport"
71,heading,"Diamonds, whether or not worked, but not mounted or set"
71,heading,"Precious stones (other than diamonds) and semi-precious stones, whether or not worked or graded but not strung, mounted or set; ungraded precious stones (other than diamonds) and semi-precious stones, temporarily strung for convenience of transport"
71,heading,"Synthetic or reconstructed precious or semi-precious stones, whether or not worked or graded but not strung, mounted or set; ungraded synthetic or reconstructed precious or semi-precious stones, temporarily strung for convenience of transport"
71,heading,Dust and powder of natural or synthetic precious or semi-precious stones
71,heading,I. NATURAL OR CULTURED PEARLS AND PRECIOUS OR SEMI-PRECIOUS STONES
71,heading,"Silver (including silver plated with gold or platinum), unwrought or in semi-manufactured forms, or in powder form"
71,heading,"Base metals clad with silver, not further worked than semi-manufactured"
71,heading,"Gold (including gold plated with platinum), unwrought or in semi-manufactured forms, or in powder form"
71,heading,"Base metals or silver, clad with gold, not further worked than semi-manufactured"
71,heading,"Platinum, unwrought or in semi-manufactured forms, or in powder form"
71,heading,"Base metals, silver or gold, clad with platinum, not further worked than semi-manufactured"
71,heading,"Waste and scrap of precious metal or of metal clad with precious metal; other waste and scrap containing precious metal or precious-metal compounds, of a kind used principally for the recovery of precious metal other than goods of heading 8549"
71,heading,II. PRECIOUS METALS AND METALS CLAD WITH PRECIOUS METAL
71,heading,"Articles of jewellery and parts thereof, of precious metal or of metal clad with precious metal"
71,heading,"Articles of goldsmiths' or silversmiths' wares and parts thereof, of precious metal or of metal clad with precious metal"
71,heading,Other articles of precious metal or of metal clad with precious metal
71,heading,"Articles of natural or cultured pearls, precious or semi-precious stones (natural, synthetic or reconstructed)"
71,heading,Imitation jewellery
71,heading,Coin
71,heading,"III. JEWELLERY, GOLDSMITHS' AND SILVERSMITHS' WARES AND OTHER ARTICLES"
72,chapter,IRON AND STEEL
72,heading,"Pig iron and spiegeleisen in pigs, blocks or other primary forms"
72,heading,Ferro-alloys
72,heading,"Ferrous products obtained by direct reduction of iron ore and other spongy ferrous products, in lumps, pellets or similar forms; iron having a minimum purity by weight of 99,94 %, in lumps, pellets or similar forms"
72,heading,Ferrous waste and scrap; remelting scrap ingots of iron or steel
72,heading,"Granules and powders, of pig iron, spiegeleisen, iron or steel"
72,heading,I. PRIMARY MATERIALS; PRODUCTS IN GRANULAR OR POWDER FORM
72,heading,Iron and non-alloy steel in ingots or other primary forms (excluding iron of heading 7203)
72,heading,Semi-finished products of iron or non-alloy steel
72,heading,"Flat-rolled products of iron or non-alloy steel, of a width of 600 mm or more, hot-rolled, not clad, plated or coated"
72,heading,"Flat-rolled products of iron or non-alloy steel, of a width of 600 mm or more, cold-rolled (cold-reduced), not clad, plated or coated"
72,heading,"Flat-rolled products of iron or non-alloy steel, of a width of 600 mm or more, clad, plated or coated"
72,heading,"Flat-rolled products of iron or non-alloy steel, of a width of less than 600 mm, not clad, plated or coated"
72,heading,"Flat-rolled products of iron or non-alloy steel, of a width of less than 600 mm, clad, plated or coated"
72,heading,"Bars and rods, hot-rolled, in irregularly wound coils, of iron or non-alloy steel"
72,heading,"Other bars and rods of iron or non-alloy steel, not further worked than forged, hot-rolled, hot-drawn or hot-extruded, but including those twisted after rolling"
72,heading,Other bars and rods of iron or non-alloy steel
72,heading,"Angles, shapes and sections of iron or non-alloy steel"
72,heading,Wire of iron or non-alloy steel
72,heading,II. IRON AND NON-ALLOY STEEL
72,heading,Stainless steel in ingots or other primary forms; semi-finished products of stainless steel
72,heading,"Flat-rolled products of stainless steel, of a width of 600 mm or more"
72,heading,"Flat-rolled products of stainless steel, of a width of less than 600 mm"
72,heading,"Bars and rods, hot-rolled, in irregularly wound coils, of stainless steel"
72,heading,"Other bars and rods of stainless steel; angles, shapes and sections of stainless steel"
72,heading,Wire of stainless steel
72,heading,III. STAINLESS STEEL
72,heading,Other alloy steel in ingots or other primary forms; semi-finished products of other alloy steel
72,heading,"Flat-rolled products of other alloy steel, of a width of 600 mm or more"
72,heading,"Flat-rolled products of other alloy steel, of a width of less than 600 mm"
72,heading,"Bars and rods, hot-rolled, in irregularly wound coils, of other alloy steel"
72,heading,"Other bars and rods of other alloy steel; angles, shapes and sections, of other alloy steel; hollow drill bars and rods, of alloy or non-alloy steel"
72,heading,Wire of other alloy steel
72,heading,"IV. OTHER ALLOY STEEL; HOLLOW DRILL BARS AND RODS, OF ALLOY OR NON-ALLOY STEEL"
73,chapter,ARTICLES OF IRON OR STEEL
73,heading,"Sheet piling of iron or steel, whether or not drilled, punched or made from assembled elements; welded angles, shapes and sections, of iron or steel"
73,heading,"Railway or tramway track construction material of iron or steel, the following: rails, check-rails and rack rails, switch blades, crossing frogs, point rods and other crossing pieces, sleepers (cross-ties), fish-plates, chairs, chair wedges, sole plates (base plates), rail clips, bedplates, ties and other material specialised for jointing or fixing rails"
73,heading,"Tubes, pipes and hollow profiles, of cast iron"
73,heading,"Tubes, pipes and hollow profiles, seamless, of iron (other than cast iron) or steel"
73,heading,"Other tubes and pipes (for example, welded, riveted or similarly closed), having circular cross-sections, the external diameter of which exceeds 406,4 mm, of iron or steel"
73,heading,"Other tubes, pipes and hollow profiles (for example, open seam or welded, riveted or similarly closed), of iron or steel"
73,heading,"Tube or pipe fittings (for example, couplings, elbows, sleeves), of iron or steel"
73,heading,"Structures (excluding prefabricated buildings of heading 9406) and parts of structures (for example, bridges and bridge-sections, lock-gates, towers, lattice masts, roofs, roofing frameworks, doors and windows and their frames and thresholds for doors, shutters, balustrades, pillars and columns), of iron or steel; plates, rods, angles, shapes, sections, tubes and the like, prepared for use in structures, of iron or steel"
73,heading,"Reservoirs, tanks, vats and similar containers for any material (other than compressed or liquefied gas), of iron or steel, of a capacity exceeding 300 l, whether or not lined or heat-insulated, but not fitted with mechanical or thermal equipment"
73,heading,"Tanks, casks, drums, cans, boxes and similar containers, for any material (other than compressed or liquefied gas), of iron or steel, of a capacity not exceeding 300 l, whether or not lined or heat-insulated, but not fitted with mechanical or thermal equipment"
73,heading,"Containers for compressed or liquefied gas, of iron or steel"
73,heading,"Stranded wire, ropes, cables, plaited bands, slings and the like, of iron or steel, not electrically insulated"
73,heading,"Barbed wire of iron or steel; twisted hoop or single flat wire, barbed or not, and loosely twisted double wire, of a kind used for fencing, of iron or steel"
73,heading,"Cloth (including endless bands), grill, netting and fencing, of iron or steel wire; expanded metal of iron or steel"
73,heading,"Chain and parts thereof, of iron or steel"
73,heading,"Anchors, grapnels and parts thereof, of iron or steel"
73,heading,"Nails, tacks, drawing pins, corrugated nails, staples (other than those of heading 8305) and similar articles, of iron or steel, whether or not with heads of other material, but excluding such articles with heads of copper"
73,heading,"Screws, bolts, nuts, coach screws, screw hooks, rivets, cotters, cotter pins, washers (including spring washers) and similar articles, of iron or steel"
73,heading,"Sewing needles, knitting needles, bodkins, crochet hooks, embroidery stilettos and similar articles, for use in the hand, of iron or steel; safety pins and other pins of iron or steel, not elsewhere specified or included"
73,heading,"Springs and leaves for springs, of iron or steel"
73,heading,"Stoves, ranges, grates, cookers (including those with subsidiary boilers for central heating), barbecues, braziers, gas rings, plate warmers and similar non-electric domestic appliances, and parts thereof, of iron or steel"
73,heading,"Radiators for central heating, not electrically heated, and parts thereof, of iron or steel; air heaters and hot-air distributors (including distributors which can also distribute fresh or conditioned air), not electrically heated, incorporating a motor-driven fan or blower, and parts thereof, of iron or steel"
73,heading,"Table, kitchen or other household articles and parts thereof, of iron or steel; iron or steel wool; pot scourers and scouring or polishing pads, gloves and the like, of iron or steel"
73,heading,"Sanitary ware and parts thereof, of iron or steel"
73,heading,Other cast articles of iron or steel
73,heading,Other articles of iron or steel
74,chapter,COPPER AND ARTICLES THEREOF
74,heading,Copper mattes; cement copper (precipitated copper)
74,heading,Unrefined copper; copper anodes for electrolytic refining
74,heading,"Refined copper and copper alloys, unwrought"
74,heading,Copper waste and scrap
74,heading,Master alloys of copper
74,heading,Copper powders and flakes
74,heading,"Copper bars, rods and profiles"
74,heading,Copper wire
74,heading,"Copper plates, sheets and strip, of a thickness exceeding 0,15 mm"
74,heading,"Copper foil (whether or not printed or backed with paper, paperboard, plastics or similar backing materials) of a thickness (excluding any backing) not exceeding 0,15 mm"
74,heading,Copper tubes and pipes
74,heading,"Copper tube or pipe fittings (for example, couplings, elbows, sleeves)"
74,heading,"Stranded wire, cables, plaited bands and the like, of copper, not electrically insulated"
74,heading,"Nails, tacks, drawing pins, staples (other than those of heading 8305) and similar articles, of copper or of iron or steel with heads of copper; screws, bolts, nuts, screw hooks, rivets, cotters, cotter pins, washers (including spring washers) and similar articles, of copper"
74,heading,"Table, kitchen or other household articles and parts thereof, of copper; pot scourers and scouring or polishing pads, gloves and the like, of copper; sanitary ware and parts thereof, of copper"
74,heading,Other articles of copper
75,chapter,NICKEL AND ARTICLES THEREOF
75,heading,"Nickel mattes, nickel oxide sinters and other intermediate products of nickel metallurgy"
75,heading,Unwrought nickel
75,heading,Nickel waste and scrap
75,heading,Nickel powders and flakes
75,heading,"Nickel bars, rods, profiles and wire"
75,heading,"Nickel plates, sheets, strip and foil"
75,heading,"Nickel tubes, pipes and tube or pipe fittings (for example, couplings, elbows, sleeves)"
75,heading,Other articles of nickel
76,chapter,ALUMINIUM AND ARTICLES THEREOF
76,heading,Unwrought aluminium
76,heading,Aluminium waste and scrap
76,heading,Aluminium powders and flakes
76,heading,"Aluminium bars, rods and profiles"
76,heading,Aluminium wire
76,heading,"Aluminium plates, sheets and strip, of a thickness exceeding 0,2 mm"
76,heading,"Aluminium foil (whether or not printed or backed with paper, paperboard, plastics or similar backing materials) of a thickness (excluding any backing) not exceeding 0,2 mm"
76,heading,Aluminium tubes and pipes
76,heading,"Aluminium tube or pipe fittings (for example, couplings, elbows, sleeves)"
76,heading,"Aluminium structures (excluding prefabricated buildings of heading 9406) and parts of structures (for example, bridges and bridge-sections, towers, lattice masts, roofs, roofing frameworks, doors and windows and their frames and thresholds for doors, balustrades, pillars and columns); aluminium plates, rods, profiles, tubes and the like, prepared for use in structures"
76,heading,"Aluminium reservoirs, tanks, vats and similar containers, for any material (other than compressed or liquefied gas), of a capacity exceeding 300 litres, whether or not lined or heat-insulated, but not fitted with mechanical or thermal equipment"
76,heading,"Aluminium casks, drums, cans, boxes and similar containers (including rigid or collapsible tubular containers), for any material (other than compressed or liquefied gas), of a capacity not exceeding 300 litres, whether or not lined or heat-insulated, but not fitted with mechanical or thermal equipment"
76,heading,Aluminium containers for compressed or liquefied gas
76,heading,"Stranded wire, cables, plaited bands and the like, of aluminium, not electrically insulated"
76,heading,"Table, kitchen or other household articles and parts thereof, of aluminium; pot scourers and scouring or polishing pads, gloves and the like, of aluminium; sanitary ware and parts thereof, of aluminium"
76,heading,Other articles of aluminium
78,chapter,LEAD AND ARTICLES THEREOF
78,heading,Unwrought lead
78,heading,Lead waste and scrap
78,heading,"Lead plates, sheets, strip and foil; lead powders and flakes"
78,heading,Other articles of lead
79,chapter,ZINC AND ARTICLES THEREOF
79,heading,Unwrought zinc
79,heading,Zinc waste and scrap
79,heading,"Zinc dust, powders and flakes"
79,heading,"Zinc bars, rods, profiles and wire"
79,heading,"Zinc plates, sheets, strip and foil"
79,heading,Other articles of zinc
80,chapter,TIN AND ARTICLES THEREOF
80,heading,Unwrought tin
80,heading,Tin waste and scrap
80,heading,"Tin bars, rods, profiles and wire"
80,heading,Other articles of tin
81,chapter,OTHER BASE METALS; CERMETS; ARTICLES THEREOF
81,heading,"Tungsten (wolfram) and articles thereof, including waste and scrap"
81,heading,"Molybdenum and articles thereof, including waste and scrap"
81,heading,"Tantalum and articles thereof, including waste and scrap"
81,heading,"Magnesium and articles thereof, including waste and scrap"
81,heading,"Cobalt mattes and other intermediate products of cobalt metallurgy; cobalt and articles thereof, including waste and scrap"
81,heading,"Bismuth and articles thereof, including waste and scrap"
81,heading,"Titanium and articles thereof, including waste and scrap"
81,heading,"Zirconium and articles thereof, including waste and scrap"
81,heading,"Antimony and articles thereof, including waste and scrap"
81,heading,"Manganese and articles thereof, including waste and scrap"
81,heading,"Beryllium, chromium, hafnium, rhenium, thallium, cadmium, germanium, vanadium, gallium, indium and niobium (columbium), and articles of these metals, including waste and scrap"
81,heading,"Cermets and articles thereof, including waste and scrap"
82,chapter,"TOOLS, IMPLEMENTS, CUTLERY, SPOONS AND FORKS, OF BASE METAL; PARTS THEREOF OF BASE METAL"
82,heading,"Hand tools, the following: spades, shovels, mattocks, picks, hoes, forks and rakes; axes, billhooks and similar hewing tools; secateurs and pruners of any kind; scythes, sickles, hay knives, hedge shears, timber wedges and other tools of a kind used in agriculture, horticulture or forestry"
82,heading,"Handsaws; blades for saws of all kinds (including slitting, slotting or toothless saw blades)"
82,heading,"Files, rasps, pliers (including cutting pliers), pincers, tweezers, metal-cutting shears, pipe-cutters, bolt croppers, perforating punches and similar hand tools"
82,heading,"Hand-operated spanners and wrenches (including torque meter wrenches but not including tap wrenches); interchangeable spanner sockets, with or without handles"
82,heading,"Hand tools (including glaziers' diamonds), not elsewhere specified or included; blowlamps; vices, clamps and the like, other than accessories for and parts of machine-tools or water-jet cutting machines; anvils; portable forges; hand- or pedal-operated grinding wheels with frameworks"
82,heading,"Tools of two or more of headings 8202 to 8205, put up in sets for retail sale"
82,heading,"Interchangeable tools for hand tools, whether or not power-operated, or for machine tools (for example, for pressing, stamping, punching, tapping, threading, drilling, boring, broaching, milling, turning or screw driving), including dies for drawing or extruding metal, and rock-drilling or earth-boring tools"
82,heading,"Knives and cutting blades, for machines or for mechanical appliances"
82,heading,"Plates, sticks, tips and the like for tools, unmounted, of cermets"
82,heading,"Hand-operated mechanical appliances, weighing 10 kg or less, used in the preparation, conditioning or serving of food or drink"
82,heading,"Knives with cutting blades, serrated or not (including pruning knives), other than knives of heading 8208, and blades therefor"
82,heading,Razors and razor blades (including razor blade blanks in strips)
82,heading,"Scissors, tailors' shears and similar shears, and blades therefor"
82,heading,"Other articles of cutlery (for example, hair clippers, butchers' or kitchen cleavers, choppers and mincing knives, paperknives); manicure or pedicure sets and instruments (including nail files)"
82,heading,"Spoons, forks, ladles, skimmers, cake-servers, fish-knives, butter-knives, sugar tongs and similar kitchen or tableware"
83,chapter,MISCELLANEOUS ARTICLES OF BASE METAL
83,heading,"Padlocks and locks (key, combination or electrically operated), of base metal; clasps and frames with clasps, incorporating locks, of base metal; keys for any of the foregoing articles, of base metal"
83,heading,"Base-metal mountings, fittings and similar articles suitable for furniture, doors, staircases, windows, blinds, coachwork, saddlery, trunks, chests, caskets or the like; base-metal hat-racks, hat-pegs, brackets and similar fixtures; castors with mountings of base metal; automatic door closers of base metal"
83,heading,"Armoured or reinforced safes, strongboxes and doors and safe deposit lockers for strong-rooms, cash or deed boxes and the like, of base metal"
83,heading,"Filing cabinets, card-index cabinets, paper trays, paper rests, pen trays, office-stamp stands and similar office or desk equipment, of base metal, other than office furniture of heading 9403"
83,heading,"Fittings for loose-leaf binders or files, letter clips, letter corners, paper clips, indexing tags and similar office articles, of base metal; staples in strips (for example, for offices, upholstery, packaging), of base metal"
83,heading,"Bells, gongs and the like, non-electric, of base metal; statuettes and other ornaments, of base metal; photograph, picture or similar frames, of base metal; mirrors of base metal"
83,heading,"Flexible tubing of base metal, with or without fittings"
83,heading,"Clasps, frames with clasps, buckles, buckle-clasps, hooks, eyes, eyelets and the like, of base metal, of a kind used for clothing or clothing accessories, footwear, jewellery, wrist watches, books, awnings, leather goods, travel goods or saddlery or for other made up articles; tubular or bifurcated rivets, of base metal; beads and spangles, of base metal"
83,heading,"Stoppers, caps and lids (including crown corks, screw caps and pouring stoppers), capsules for bottles, threaded bungs, bung covers, seals and other packing accessories, of base metal"
83,heading,"Sign-plates, nameplates, address-plates and similar plates, numbers, letters and other symbols, of base metal, excluding those of heading 9405"
83,heading,"Wire, rods, tubes, plates, electrodes and similar products, of base metal or of metal carbides, coated or cored with flux material, of a kind used for soldering, brazing, welding or deposition of metal or of metal carbides; wire and rods, of agglomerated base metal powder, used for metal spraying"
84,chapter,"NUCLEAR REACTORS, BOILERS, MACHINERY AND MECHANICAL APPLIANCES; PARTS THEREOF"
84,heading,"Nuclear reactors; fuel elements (cartridges), non-irradiated, for nuclear reactors; machinery and apparatus for isotopic separation"
84,heading,Steam or other vapour generating boilers (other than central heating hot water boilers capable also of producing low pressure steam); superheated water boilers
84,heading,Central heating boilers other than those of heading 8402
84,heading,"Auxiliary plant for use with boilers of heading 8402 or 8403 (for example, economisers, superheaters, soot removers, gas recoverers); condensers for steam or other vapour power units"
84,heading,"Producer gas or water gas generators, with or without their purifiers; acetylene gas generators and similar water process gas generators, with or without their purifiers"
84,heading,Steam turbines and other vapour turbines
84,heading,Spark-ignition reciprocating or rotary internal combustion piston engines
84,heading,Compression-ignition internal combustion piston engines (diesel or semi-diesel engines)
84,heading,Parts suitable for use solely or principally with the engines of heading 8407 or 8408
84,heading,"Hydraulic turbines, water wheels, and regulators therefor"
84,heading,"Turbojets, turbopropellers and other gas turbines"
84,heading,Other engines and motors
84,heading,"Pumps for liquids, whether or not fitted with a measuring device; liquid elevators"
84,heading,"Air or vacuum pumps, air or other gas compressors and fans; ventilating or recycling hoods incorporating a fan, whether or not fitted with filters; gas-tight biological safety cabinets, whether or not fitted with filters"
84,heading,"Air-conditioning machines, comprising a motor-driven fan and elements for changing the temperature and humidity, including those machines in which the humidity cannot be separately regulated"
84,heading,"Furnace burners for liquid fuel, for pulverised solid fuel or for gas; mechanical stokers, including their mechanical grates, mechanical ash dischargers and similar appliances"
84,heading,"Industrial or laboratory furnaces and ovens, including incinerators, non-electric"
84,heading,"Refrigerators, freezers and other refrigerating or freezing equipment, electric or other; heat pumps other than air-conditioning machines of heading 8415"
84,heading,"Machinery, plant or laboratory equipment, whether or not electrically heated (excluding furnaces, ovens and other equipment of heading 8514), for the treatment of materials by a process involving a change of temperature such as heating, cooking, roasting, distilling, rectifying, sterilising, pasteurising, steaming, drying, evaporating, vaporising, condensing or cooling, other than machinery or plant of a kind used for domestic purposes; instantaneous or storage water heaters, non-electric"
84,heading,"Calendering or other rolling machines, other than for metals or glass, and cylinders therefor"
84,heading,"Centrifuges, including centrifugal dryers; filtering or purifying machinery and apparatus, for liquids or gases"
84,heading,"Dishwashing machines; machinery for cleaning or drying bottles or other containers; machinery for filling, closing, sealing or labelling bottles, cans, boxes, bags or other containers; machinery for capsuling bottles, jars, tubes and similar containers; other packing or wrapping machinery (including heat-shrink wrapping machinery); machinery for aerating beverages"
84,heading,"Weighing machinery (excluding balances of a sensitivity of 5 cg or better), including weight-operated counting or checking machines; weighing machine weights of all kinds"
84,heading,"Mechanical appliances (whether or not hand-operated) for projecting, dispersing or spraying liquids or powders; fire extinguishers, whether or not charged; spray guns and similar appliances; steam or sandblasting machines and similar jet projecting machines"
84,heading,Pulley tackle and hoists other than skip hoists; winches and capstans; jacks
84,heading,"Ships' derricks; cranes, including cable cranes; mobile lifting frames, straddle carriers and works trucks fitted with a crane"
84,heading,Fork-lift trucks; other works trucks fitted with lifting or handling equipment
84,heading,"Other lifting, handling, loading or unloading machinery (for example, lifts, escalators, conveyors, teleferics)"
84,heading,"Self-propelled bulldozers, angledozers, graders, levellers, scrapers, mechanical shovels, excavators, shovel loaders, tamping machines and roadrollers"
84,heading,"Other moving, grading, levelling, scraping, excavating, tamping, compacting, extracting or boring machinery, for earth, minerals or ores; piledrivers and pile extractors; snowploughs and snowblowers"
84,heading,Parts suitable for use solely or principally with the machinery of headings 8425 to 8430
84,heading,"Agricultural, horticultural or forestry machinery for soil preparation or cultivation; lawn or sports-ground rollers"
84,heading,"Harvesting or threshing machinery, including straw or fodder balers; grass or hay mowers; machines for cleaning, sorting or grading eggs, fruit or other agricultural produce, other than machinery of heading 8437"
84,heading,Milking machines and dairy machinery
84,heading,"Presses, crushers and similar machinery used in the manufacture of wine, cider, fruit juices or similar beverages"
84,heading,"Other agricultural, horticultural, forestry, poultry-keeping or bee-keeping machinery, including germination plant fitted with mechanical or thermal equipment; poultry incubators and brooders"
84,heading,"Machines for cleaning, sorting or grading seed, grain or dried leguminous vegetables; machinery used in the milling industry or for the working of cereals or dried leguminous vegetables, other than farm-type machinery"
84,heading,"Machinery, not specified or included elsewhere in this chapter, for the industrial preparation or manufacture of food or drink, other than machinery for the extraction or preparation of animal or fixed vegetable or microbial fats or oils"
84,heading,Machinery for making pulp of fibrous cellulosic material or for making or finishing paper or paperboard
84,heading,"Bookbinding machinery, including book-sewing machines"
84,heading,"Other machinery for making up paper pulp, paper or paperboard, including cutting machines of all kinds"
84,heading,"Machinery, apparatus and equipment (other than the machines of headings 8456 to 8465) for preparing or making plates, cylinders or other printing components; plates, cylinders and other printing components; plates, cylinders and lithographic stones, prepared for printing purposes (for example, planed, grained or polished)"
84,heading,"Printing machinery used for printing by means of plates, cylinders and other printing components of heading 8442; other printers, copying machines and facsimile machines, whether or not combined; parts and accessories thereof"
84,heading,"Machines for extruding, drawing, texturing or cutting man-made textile materials"
84,heading,"Machines for preparing textile fibres; spinning, doubling or twisting machines and other machinery for producing textile yarns; textile reeling or winding (including weft-winding) machines and machines for preparing textile yarns for use on the machines of heading 8446 or 8447"
84,heading,Weaving machines (looms)
84,heading,"Knitting machines, stitch-bonding machines and machines for making gimped yarn, tulle, lace, embroidery, trimmings, braid or net and machines for tufting"
84,heading,"Auxiliary machinery for use with machines of heading 8444, 8445, 8446 or 8447 (for example, dobbies, jacquards, automatic stop motions, shuttle changing mechanisms); parts and accessories suitable for use solely or principally with the machines of this heading or of heading 8444, 8445, 8446 or 8447 (for example, spindles and spindle flyers, card clothing, combs, extruding nipples, shuttles, healds and heald-frames, hosiery needles)"
84,heading,"Machinery for the manufacture or finishing of felt or nonwovens in the piece or in shapes, including machinery for making felt hats; blocks for making hats"
84,heading,"Household or laundry-type washing machines, including machines which both wash and dry"
84,heading,"Machinery (other than machines of heading 8450) for washing, cleaning, wringing, drying, ironing, pressing (including fusing presses), bleaching, dyeing, dressing, finishing, coating or impregnating textile yarns, fabrics or made-up textile articles and machines for applying the paste to the base fabric or other support used in the manufacture of floor coverings such as linoleum; machines for reeling, unreeling, folding, cutting or pinking textile fabrics"
84,heading,"Sewing machines, other than book-sewing machines of heading 8440; furniture, bases and covers specially designed for sewing machines; sewing machine needles"
84,heading,"Machinery for preparing, tanning or working hides, skins or leather or for making or repairing footwear or other articles of hides, skins or leather, other than sewing machines"
84,heading,"Converters, ladles, ingot moulds and casting machines, of a kind used in metallurgy or in metal foundries"
84,heading,Metal-rolling mills and rolls therefor
84,heading,"Machine tools for working any material by removal of material, by laser or other light or photon beam, ultrasonic, electrodischarge, electrochemical, electron beam, ionic-beam or plasma arc processes; water-jet cutting machines"
84,heading,"Machining centres, unit construction machines (single station) and multi-station transfer machines, for working metal"
84,heading,Lathes (including turning centres) for removing metal
84,heading,"Machine tools (including way-type unit head machines) for drilling, boring, milling, threading or tapping by removing metal, other than lathes (including turning centres) of heading 8458"
84,heading,"Machine tools for deburring, sharpening, grinding, honing, lapping, polishing or otherwise finishing metal or cermets by means of grinding stones, abrasives or polishing products, other than gear cutting, gear grinding or gear finishing machines of heading 8461"
84,heading,"Machine tools for planing, shaping, slotting, broaching, gear cutting, gear grinding or gear finishing, sawing, cutting-off and other machine tools working by removing metal or cermets, not elsewhere specified or included"
84,heading,"Machine tools (including presses) for working metal by forging, hammering or die forging (excluding rolling mills); machine tools (including presses, slitting lines and cut-to-length lines) for working metal by bending, folding, straightening, flattening, shearing, punching, notching or nibbling (excluding draw-benches); presses for working metal or metal carbides, not specified above"
84,heading,"Other machine tools for working metal or cermets, without removing material"
84,heading,"Machine tools for working stone, ceramics, concrete, asbestos-cement or like mineral materials or for cold working glass"
84,heading,"Machine tools (including machines for nailing, stapling, glueing or otherwise assembling) for working wood, cork, bone, hard rubber, hard plastics or similar hard materials"
84,heading,"Parts and accessories suitable for use solely or principally with the machines of headings 8456 to 8465, including work or tool holders, self-opening dieheads, dividing heads and other special attachments for the machines; tool holders for any type of tool for working in the hand"
84,heading,"Tools for working in the hand, pneumatic, hydraulic or with self-contained electric or non-electric motor"
84,heading,"Machinery and apparatus for soldering, brazing or welding, whether or not capable of cutting, other than those of heading 8515; gas-operated surface tempering machines and appliances"
84,heading,"Calculating machines and pocket-size data-recording, reproducing and displaying machines with calculating functions; accounting machines, postage-franking machines, ticket-issuing machines and similar machines, incorporating a calculating device; cash registers"
84,heading,"Automatic data-processing machines and units thereof; magnetic or optical readers, machines for transcribing data onto data media in coded form and machines for processing such data, not elsewhere specified or included"
84,heading,"Other office machines (for example, hectograph or stencil duplicating machines, addressing machines, automatic banknote dispensers, coin-sorting machines, coin-counting or -wrapping machines, pencil-sharpening machines, perforating or stapling machines)"
84,heading,"Parts and accessories (other than covers, carrying cases and the like) suitable for use solely or principally with machines of headings 8470 to 8472"
84,heading,"Machinery for sorting, screening, separating, washing, crushing, grinding, mixing or kneading earth, stone, ores or other mineral substances, in solid (including powder or paste) form; machinery for agglomerating, shaping or moulding solid mineral fuels, ceramic paste, unhardened cements, plastering materials or other mineral products in powder or paste form; machines for forming foundry moulds of sand"
84,heading,"Machines for assembling electric or electronic lamps, tubes or valves or flashbulbs, in glass envelopes; machines for manufacturing or hot working glass or glassware"
84,heading,"Automatic goods-vending machines (for example, postage stamp, cigarette, food or beverage machines), including money-changing machines"
84,heading,"Machinery for working rubber or plastics or for the manufacture of products from these materials, not specified or included elsewhere in this chapter"
84,heading,"Machinery for preparing or making up tobacco, not specified or included elsewhere in this chapter"
84,heading,"Machines and mechanical appliances having individual functions, not specified or included elsewhere in this chapter"
84,heading,"Moulding boxes for metal foundry; mould bases; moulding patterns; moulds for metal (other than ingot moulds), metal carbides, glass, mineral materials, rubber or plastics"
84,heading,"Taps, cocks, valves and similar appliances for pipes, boiler shells, tanks, vats or the like, including pressure-reducing valves and thermostatically controlled valves"
84,heading,Ball or roller bearings
84,heading,"Transmission shafts (including cam shafts and crank shafts) and cranks; bearing housings and plain shaft bearings; gears and gearing; ball or roller screws; gear boxes and other speed changers, including torque converters; flywheels and pulleys, including pulley blocks; clutches and shaft couplings (including universal joints)"
84,heading,"Gaskets and similar joints of metal sheeting combined with other material or of two or more layers of metal; sets or assortments of gaskets and similar joints, dissimilar in composition, put up in pouches, envelopes or similar packings; mechanical seals"
84,heading,Machines for additive manufacturing
84,heading,"Machines and apparatus of a kind used solely or principally for the manufacture of semiconductor boules or wafers, semiconductor devices, electronic integrated circuits or flat panel displays; machines and apparatus specified in note 11(C) to this chapter; parts and accessories"
84,heading,"Machinery parts, not containing electrical connectors, insulators, coils, contacts or other electrical features, not specified or included elsewhere in this chapter"
85,chapter,"ELECTRICAL MACHINERY AND EQUIPMENT AND PARTS THEREOF; SOUND RECORDERS AND REPRODUCERS, TELEVISION IMAGE AND SOUND RECORDERS AND REPRODUCERS, AND PARTS AND ACCESSORIES OF SUCH ARTICLES"
85,heading,Electric motors and generators (excluding generating sets)
85,heading,Electric generating sets and rotary converters
85,heading,Parts suitable for use solely or principally with the machines of heading 8501 or 8502
85,heading,"Electrical transformers, static converters (for example, rectifiers) and inductors"
85,heading,"Electromagnets; permanent magnets and articles intended to become permanent magnets after magnetisation; electromagnetic or permanent magnet chucks, clamps and similar holding devices; electromagnetic couplings, clutches and brakes; electromagnetic lifting heads"
85,heading,Primary cells and primary batteries
85,heading,"Electric accumulators, including separators therefor, whether or not rectangular (including square)"
85,heading,Vacuum cleaners
85,heading,"Electromechanical domestic appliances, with self-contained electric motor, other than vacuum cleaners of heading 8508"
85,heading,"Shavers, hair clippers and hair-removing appliances, with self-contained electric motor"
85,heading,"Electrical ignition or starting equipment of a kind used for spark-ignition or compression-ignition internal combustion engines (for example, ignition magnetos, magneto-dynamos, ignition coils, sparking plugs and glow plugs, starter motors); generators (for example, dynamos, alternators) and cut-outs of a kind used in conjunction with such engines"
85,heading,"Electrical lighting or signalling equipment (excluding articles of heading 8539), windscreen wipers, defrosters and demisters, of a kind used for cycles or motor vehicles"
85,heading,"Portable electric lamps designed to function by their own source of energy (for example, dry batteries, accumulators, magnetos), other than lighting equipment of heading 8512"
85,heading,Industrial or laboratory electric furnaces and ovens (including those functioning by induction or dielectric loss); other industrial or laboratory equipment for the heat treatment of materials by induction or dielectric loss
85,heading,"Electric (including electrically heated gas), laser or other light or photon beam, ultrasonic, electron beam, magnetic pulse or plasma arc soldering, brazing or welding machines and apparatus, whether or not capable of cutting; electric machines and apparatus for hot spraying of metals or cermets"
85,heading,"Electric instantaneous or storage water heaters and immersion heaters; electric space-heating apparatus and soil-heating apparatus; electrothermic hairdressing apparatus (for example, hairdryers, hair curlers, curling tong heaters) and hand dryers; electric smoothing irons; other electrothermic appliances of a kind used for domestic purposes; electric heating resistors, other than those of heading 8545"
85,heading,"Telephone sets, including smartphones and other telephones for cellular networks or for other wireless networks; other apparatus for the transmission or reception of voice, images or other data, including apparatus for communication in a wired or wireless network (such as a local or wide area network), other than transmission or reception apparatus of heading 8443 , 8525 , 8527 or 8528"
85,heading,"Microphones and stands therefor; loudspeakers, whether or not mounted in their enclosures; headphones and earphones, whether or not combined with a microphone, and sets consisting of a microphone and one or more loudspeakers; audio-frequency electric amplifiers; electric sound amplifier sets"
85,heading,Sound recording or sound reproducing apparatus
85,heading,"Video recording or reproducing apparatus, whether or not incorporating a video tuner"
85,heading,Parts and accessories suitable for use solely or principally with the apparatus of heading 8519 or 8521
85,heading,"Discs, tapes, solid-state non-volatile storage devices, 'smart cards' and other media for the recording of sound or of other phenomena, whether or not recorded, including matrices and masters for the production of discs, but excluding products of Chapter 37"
85,heading,"Flat panel display modules, whether or not incorporating touch-sensitive screens"
85,heading,"Transmission apparatus for radio-broadcasting or television, whether or not incorporating reception apparatus or sound recording or reproducing apparatus; television cameras, digital cameras and video camera recorders"
85,heading,"Radar apparatus, radio navigational aid apparatus and radio remote control apparatus"
85,heading,"Reception apparatus for radio-broadcasting, whether or not combined, in the same housing, with sound recording or reproducing apparatus or a clock"
85,heading,"Monitors and projectors, not incorporating television reception apparatus; reception apparatus for television, whether or not incorporating radio-broadcast receivers or sound or video recording or reproducing apparatus"
85,heading,Parts suitable for use solely or principally with the apparatus of headings 8524 to 8528
85,heading,"Electrical signalling, safety or traffic control equipment for railways, tramways, roads, inland waterways, parking facilities, port installations or airfields (other than those of heading 8608)"
85,heading,"Electric sound or visual signalling apparatus (for example, bells, sirens, indicator panels, burglar or fire alarms), other than those of heading 8512 or 8530"
85,heading,"Electrical capacitors, fixed, variable or adjustable (pre-set)"
85,heading,"Electrical resistors (including rheostats and potentiometers), other than heating resistors"
85,heading,Printed circuits
85,heading,"Electrical apparatus for switching or protecting electrical circuits, or for making connections to or in electrical circuits (for example, switches, fuses, lightning arresters, voltage limiters, surge suppressors, plugs and other connectors, junction boxes), for a voltage exceeding 1 000 V"
85,heading,"Electrical apparatus for switching or protecting electrical circuits, or for making connections to or in electrical circuits (for example, switches, relays, fuses, surge suppressors, plugs, sockets, lamp holders and other connectors, junction boxes), for a voltage not exceeding 1 000 V; connectors for optical fibres, optical fibre bundles or cables"
85,heading,"Boards, panels, consoles, desks, cabinets and other bases, equipped with two or more apparatus of heading 8535 or 8536, for electric control or the distribution of electricity, including those incorporating instruments or apparatus of Chapter 90, and numerical control apparatus, other than switching apparatus of heading 8517"
85,heading,"Parts suitable for use solely or principally with the apparatus of heading 8535, 8536 or 8537"
85,heading,"Electric filament or discharge lamps, including sealed beam lamp units and ultraviolet or infra-red lamps; arc-lamps; light-emitting diode (LED) light sources"
85,heading,"Thermionic, cold cathode or photocathode valves and tubes (for example, vacuum or vapour or gas filled valves and tubes, mercury arc rectifying valves and tubes, cathode ray tubes, television camera tubes)"
85,heading,"Semiconductor devices (for example, diodes, transistors, semiconductor-based transducers); photosensitive semiconductor devices, including photovoltaic cells whether or not assembled in modules or made up into panels; light-emitting diodes (LED), whether or not assembled with other light-emitting diodes (LED); mounted piezo-electric crystals"
85,heading,Electronic integrated circuits
85,heading,"Electrical machines and apparatus, having individual functions, not specified or included elsewhere in this chapter"
85,heading,"Insulated (including enamelled or anodised) wire, cable (including coaxial cable) and other insulated electric conductors, whether or not fitted with connectors; optical fibre cables, made up of individually sheathed fibres, whether or not assembled with electric conductors or fitted with connectors"
85,heading,"Carbon electrodes, carbon brushes, lamp carbons, battery carbons and other articles of graphite or other carbon, with or without metal, of a kind used for electrical purposes"
85,heading,Electrical insulators of any material
85,heading,"Insulating fittings for electrical machines, appliances or equipment, being fittings wholly of insulating material apart from any minor components of metal (for example, threaded sockets) incorporated during moulding solely for purposes of assembly, other than insulators of heading 8546; electrical conduit tubing and joints therefor, of base metal lined with insulating material"
85,heading,"Electrical parts of machinery or apparatus, not specified or included elsewhere in this chapter"
85,heading,Electrical and electronic waste and scrap
86,chapter,"RAILWAY OR TRAMWAY LOCOMOTIVES, ROLLING STOCK AND PARTS THEREOF; RAILWAY OR TRAMWAY TRACK FIXTURES AND FITTINGS AND PARTS THEREOF; MECHANICAL (INCLUDING ELECTROMECHANICAL) TRAFFIC SIGNALLING EQUIPMENT OF ALL KINDS"
86,heading,Rail locomotives powered from an external source of electricity or by electric accumulators
86,heading,Other rail locomotives; locomotive tenders
86,heading,"Self-propelled railway or tramway coaches, vans and trucks, other than those of heading 8604"
86,heading,"Railway or tramway maintenance or service vehicles, whether or not self-propelled (for example, workshops, cranes, ballast tampers, trackliners, testing coaches and track inspection vehicles)"
86,heading,"Railway or tramway passenger coaches, not self-propelled; luggage vans, post office coaches and other special purpose railway or tramway coaches, not self-propelled (excluding those of heading 8604)"
86,heading,"Railway or tramway goods vans and wagons, not self-propelled"
86,heading,Parts of railway or tramway locomotives or rolling stock
86,heading,"Railway or tramway track fixtures and fittings; mechanical (including electromechanical) signalling, safety or traffic control equipment for railways, tramways, roads, inland waterways, parking facilities, port installations or airfields; parts of the foregoing"
86,heading,Containers (including containers for the transport of fluids) specially designed and equipped for carriage by one or more modes of transport
87,chapter,"VEHICLES OTHER THAN RAILWAY OR TRAMWAY ROLLING STOCK, AND PARTS AND ACCESSORIES THEREOF"
87,heading,Tractors (other than tractors of heading 8709)
87,heading,"Motor vehicles for the transport of ten or more persons, including the driver"
87,heading,"Motor cars and other motor vehicles principally designed for the transport of persons (other than those of heading 8702), including station wagons and racing cars"
87,heading,Motor vehicles for the transport of goods
87,heading,"Special purpose motor vehicles, other than those principally designed for the transport of persons or goods (for example, breakdown lorries, crane lorries, fire fighting vehicles, concrete-mixer lorries, road sweeper lorries, spraying lorries, mobile workshops, mobile radiological units)"
87,heading,"Chassis fitted with engines, for the motor vehicles of headings 8701 to 8705"
87,heading,"Bodies (including cabs), for the motor vehicles of headings 8701 to 8705"
87,heading,Parts and accessories of the motor vehicles of headings 8701 to 8705
87,heading,"Works trucks, self-propelled, not fitted with lifting or handling equipment, of the type used in factories, warehouses, dock areas or airports for short distance transport of goods; tractors of the type used on railway station platforms; parts of the foregoing vehicles"
87,heading,"Tanks and other armoured fighting vehicles, motorised, whether or not fitted with weapons, and parts of such vehicles"
87,heading,"Motorcycles (including mopeds) and cycles fitted with an auxiliary motor, with or without side-cars; side-cars"
87,heading,"Bicycles and other cycles (including delivery tricycles), not motorised"
87,heading,"Carriages for disabled persons, whether or not motorised or otherwise mechanically propelled"
87,heading,Parts and accessories of vehicles of headings 8711 to 8713
87,heading,Baby carriages and parts thereof
87,heading,"Trailers and semi-trailers; other vehicles, not mechanically propelled; parts thereof"
88,chapter,"AIRCRAFT, SPACECRAFT, AND PARTS THEREOF"
88,heading,"Balloons and dirigibles; gliders, hang gliders and other non-powered aircraft"
88,heading,"Other aircraft (for example, helicopters, aeroplanes), except unmanned aircraft of heading 8806; spacecraft (including satellites) and suborbital and spacecraft launch vehicles"
88,heading,Parachutes (including dirigible parachutes and paragliders) and rotochutes; parts thereof and accessories thereto
88,heading,Aircraft launching gear; deck-arrestor or similar gear; ground flying trainers; parts of the foregoing articles
88,heading,Unmanned aircraft
88,heading,"Parts of goods of heading 8801, 8802 or 8806"
89,chapter,"SHIPS, BOATS AND FLOATING STRUCTURES"
89,heading,"Cruise ships, excursion boats, ferry-boats, cargo ships, barges and similar vessels for the transport of persons or goods"
89,heading,Fishing vessels; factory ships and other vessels for processing or preserving fishery products
89,heading,Yachts and other vessels for pleasure or sports; rowing boats and canoes
89,heading,Tugs and pusher craft
89,heading,"Light-vessels, fire-floats, dredgers, floating cranes, and other vessels the navigability of which is subsidiary to their main function; floating docks; floating or submersible drilling or production platforms"
89,heading,"Other vessels, including warships and lifeboats other than rowing boats"
89,heading,"Other floating structures (for example, rafts, tanks, coffer-dams, landing stages, buoys and beacons)"
89,heading,Vessels and other floating structures for breaking up
90,chapter,"OPTICAL, PHOTOGRAPHIC, CINEMATOGRAPHIC, MEASURING, CHECKING, PRECISION, MEDICAL OR SURGICAL INSTRUMENTS AND APPARATUS; PARTS AND ACCESSORIES THEREOF"
90,heading,"Optical fibres and optical fibre bundles; optical fibre cables other than those of heading 8544; sheets and plates of polarising material; lenses (including contact lenses), prisms, mirrors and other optical elements, of any material, unmounted, other than such elements of glass not optically worked"
90,heading,"Lenses, prisms, mirrors and other optical elements, of any material, mounted, being parts of or fittings for instruments or apparatus, other than such elements of glass not optically worked"
90,heading,"Frames and mountings for spectacles, goggles or the like, and parts thereof"
90,heading,"Spectacles, goggles and the like, corrective, protective or other"
90,heading,"Binoculars, monoculars, other optical telescopes, and mountings therefor; other astronomical instruments and mountings therefor, but not including instruments for radio-astronomy"
90,heading,Photographic (other than cinematographic) cameras; photographic flashlight apparatus and flashbulbs other than discharge lamps of heading 8539
90,heading,"Cinematographic cameras and projectors, whether or not incorporating sound recording or reproducing apparatus"
90,heading,"Image projectors, other than cinematographic; photographic (other than cinematographic) enlargers and reducers"
90,heading,"Apparatus and equipment for photographic (including cinematographic) laboratories, not specified or included elsewhere in this chapter; negatoscopes; projection screens"
90,heading,"Compound optical microscopes, including those for photomicrography, cinephotomicrography or microprojection"
90,heading,Microscopes other than optical microscopes; diffraction apparatus
90,heading,"Lasers, other than laser diodes; other optical appliances and instruments, not specified or included elsewhere in this chapter"
90,heading,Direction finding compasses; other navigational instruments and appliances
90,heading,"Surveying (including photogrammetrical surveying), hydrographic, oceanographic, hydrological, meteorological or geophysical instruments and appliances, excluding compasses; rangefinders"
90,heading,"Balances of a sensitivity of 5 cg or better, with or without weights"
90,heading,"Drawing, marking-out or mathematical calculating instruments (for example, drafting machines, pantographs, protractors, drawing sets, slide rules, disc calculators); instruments for measuring length, for use in the hand (for example, measuring rods and tapes, micrometers, callipers), not specified or included elsewhere in this chapter"
90,heading,"Instruments and appliances used in medical, surgical, dental or veterinary sciences, including scintigraphic apparatus, other electromedical apparatus and sight-testing instruments"
90,heading,"Mechano-therapy appliances; massage apparatus; psychological aptitude-testing apparatus; ozone therapy, oxygen therapy, aerosol therapy, artificial respiration or other therapeutic respiration apparatus"
90,heading,"Other breathing appliances and gas masks, excluding protective masks having neither mechanical parts nor replaceable filters"
90,heading,"Orthopaedic appliances, including crutches, surgical belts and trusses; splints and other fracture appliances; artificial parts of the body; hearing aids and other appliances which are worn or carried, or implanted in the body, to compensate for a defect or disability"
90,heading,"Apparatus based on the use of X-rays or of alpha, beta, gamma or other ionising radiation, whether or not for medical, surgical, dental or veterinary uses, including radiography or radiotherapy apparatus, X-ray tubes and other X-ray generators, high tension generators, control panels and desks, screens, examination or treatment tables, chairs and the like"
90,heading,"Instruments, apparatus and models, designed for demonstrational purposes (for example, in education or exhibitions), unsuitable for other uses"
90,heading,"Machines and appliances for testing the hardness, strength, compressibility, elasticity or other mechanical properties of materials (for example, metals, wood, textiles, paper, plastics)"
90,heading,"Hydrometers and similar floating instruments, thermometers, pyrometers, barometers, hygrometers and psychrometers, recording or not, and any combination of these instruments"
90,heading,"Instruments and apparatus for measuring or checking the flow, level, pressure or other variables of liquids or gases (for example, flow meters, level gauges, manometers, heat meters), excluding instruments and apparatus of heading 9014, 9015, 9028 or 9032"
90,heading,"Instruments and apparatus for physical or chemical analysis (for example, polarimeters, refractometers, spectrometers, gas or smoke analysis apparatus); instruments and apparatus for measuring or checking viscosity, porosity, expansion, surface tension or the like; instruments and apparatus for measuring or checking quantities of heat, sound or light (including exposure meters); microtomes"
90,heading,"Gas, liquid or electricity supply or production meters, including calibrating meters therefor"
90,heading,"Revolution counters, production counters, taximeters, milometers, pedometers and the like; speed indicators and tachometers, other than those of heading 9014 or 9015; stroboscopes"
90,heading,"Oscilloscopes, spectrum analysers and other instruments and apparatus for measuring or checking electrical quantities, excluding meters of heading 9028; instruments and apparatus for measuring or detecting alpha, beta, gamma, X-ray, cosmic or other ionising radiation"
90,heading,"Measuring or checking instruments, appliances and machines, not specified or included elsewhere in this chapter; profile projectors"
90,heading,Automatic regulating or controlling instruments and apparatus
90,heading,"Parts and accessories (not specified or included elsewhere in this chapter) for machines, appliances, instruments or apparatus of Chapter 90"
91,chapter,CLOCKS AND WATCHES AND PARTS THEREOF
91,heading,"Wristwatches, pocket-watches and other watches, including stopwatches, with case of precious metal or of metal clad with precious metal"
91,heading,"Wristwatches, pocket-watches and other watches, including stopwatches, other than those of heading 9101"
91,heading,"Clocks with watch movements, excluding clocks of heading 9104"
91,heading,"Instrument panel clocks and clocks of a similar type for vehicles, aircraft, spacecraft or vessels"
91,heading,Other clocks
91,heading,"Time of day recording apparatus and apparatus for measuring, recording or otherwise indicating intervals of time, with clock or watch movement or with synchronous motor (for example, time-registers, time-recorders)"
91,heading,"Time switches, with clock or watch movement or with synchronous motor"
91,heading,"Watch movements, complete and assembled"
91,heading,"Clock movements, complete and assembled"
91,heading,"Complete watch or clock movements, unassembled or partly assembled (movement sets); incomplete watch or clock movements, assembled; rough watch or clock movements"
91,heading,Watch cases and parts thereof
91,heading,"Clock cases and cases of a similar type for other goods of this chapter, and parts thereof"
91,heading,"Watch straps, watch bands and watch bracelets, and parts thereof"
91,heading,Other clock or watch parts
92,chapter,MUSICAL INSTRUMENTS; PARTS AND ACCESSORIES OF SUCH ARTICLES
92,heading,"Pianos, including automatic pianos; harpsichords and other keyboard stringed instruments"
92,heading,"Other string musical instruments (for example, guitars, violins, harps)"
92,heading,"Wind musical instruments (for example, keyboard pipe organs, accordions, clarinets, trumpets, bagpipes), other than fairground organs and mechanical street organs"
92,heading,"Percussion musical instruments (for example, drums, xylophones, cymbals, castanets, maracas)"
92,heading,"Musical instruments, the sound of which is produced, or must be amplified, electrically (for example, organs, guitars, accordions)"
92,heading,"Musical boxes, fairground organs, mechanical street organs, mechanical singing birds, musical saws and other musical instruments not falling within any other heading of this chapter; decoy calls of all kinds; whistles, call horns and other mouth-blown sound signalling instruments"
92,heading,"Parts (for example, mechanisms for musical boxes) and accessories (for example, cards, discs and rolls for mechanical instruments) of musical instruments; metronomes, tuning forks and pitch pipes of all kinds"
93,chapter,ARMS AND AMMUNITION; PARTS AND ACCESSORIES THEREOF
93,heading,"Military weapons, other than revolvers, pistols and the arms of heading 9307"
93,heading,"Revolvers and pistols, other than those of heading 9303 or 9304"
93,heading,"Other firearms and similar devices which operate by the firing of an explosive charge (for example, sporting shotguns and rifles, muzzle-loading firearms, Very pistols and other devices designed to project only signal flares, pistols and revolvers for firing blank ammunition, captive-bolt humane killers, line-throwing guns)"
93,heading,"Other arms (for example, spring, air or gas guns and pistols, truncheons), excluding those of heading 9307"
93,heading,Parts and accessories of articles of headings 9301 to 9304
93,heading,"Bombs, grenades, torpedoes, mines, missiles and similar munitions of war and parts thereof; cartridges and other ammunition and projectiles and parts thereof, including shot and cartridge wads"
93,heading,"Swords, cutlasses, bayonets, lances and similar arms and parts thereof and scabbards and sheaths therefor"
94,chapter,"FURNITURE; BEDDING, MATTRESSES, MATTRESS SUPPORTS, CUSHIONS AND SIMILAR STUFFED FURNISHINGS; LUMINAIRES AND LIGHTING FITTINGS, NOT ELSEWHERE SPECIFIED OR INCLUDED; ILLUMINATED SIGNS, ILLUMINATED NAMEPLATES AND THE LIKE; PREFABRICATED BUILDINGS"
94,heading,"Seats (other than those of heading 9402), whether or not convertible into beds, and parts thereof"
94,heading,"Medical, surgical, dental or veterinary furniture (for example, operating tables, examination tables, hospital beds with mechanical fittings, dentists' chairs); barbers' chairs and similar chairs, having rotating as well as both reclining and elevating movements; parts of the foregoing articles"
94,heading,Other furniture and parts thereof
94,heading,"Mattress supports; articles of bedding and similar furnishing (for example, mattresses, quilts, eiderdowns, cushions, pouffes and pillows) fitted with springs or stuffed or internally fitted with any material or of cellular rubber or plastics, whether or not covered"
94,heading,"Luminaires and lighting fittings including searchlights and spotlights and parts thereof, not elsewhere specified or included; illuminated signs, illuminated nameplates and the like, having a permanently fixed light source, and parts thereof not elsewhere specified or included"
94,heading,Prefabricated buildings
95,chapter,"TOYS, GAMES AND SPORTS REQUISITES; PARTS AND ACCESSORIES THEREOF"
95,heading,"Tricycles, scooters, pedal cars and similar wheeled toys; dolls' carriages; dolls; other toys; reduced-size ('scale') models and similar recreational models, working or not; puzzles of all kinds"
95,heading,"Video game consoles and machines, table or parlour games, including pintables, billiards, special tables for casino games and automatic bowling equipment, amusement machines operated by coins, banknotes, bank cards, tokens or by any other means of payment"
95,heading,"Festive, carnival or other entertainment articles, including conjuring tricks and novelty jokes"
95,heading,"Articles and equipment for general physical exercise, gymnastics, athletics, other sports (including table tennis) or outdoor games, not specified or included elsewhere in this chapter; swimming pools and paddling pools"
95,heading,"Fishing rods, fish-hooks and other line fishing tackle; fish landing nets, butterfly nets and similar nets; decoy 'birds' (other than those of heading 9208 or 9705) and similar hunting or shooting requisites"
95,heading,"Travelling circuses and travelling menageries; amusement park rides and water park amusements; fairground amusements, including shooting galleries; travelling theatres"
96,chapter,MISCELLANEOUS MANUFACTURED ARTICLES
96,heading,"Worked ivory, bone, tortoiseshell, horn, antlers, coral, mother-of-pearl and other animal carving material, and articles of these materials (including articles obtained by moulding)"
96,heading,"Worked vegetable or mineral carving material and articles of these materials; moulded or carved articles of wax, of stearin, of natural gums or natural resins or of modelling pastes, and other moulded or carved articles, not elsewhere specified or included; worked, unhardened gelatin (except gelatin of heading 3503) and articles of unhardened gelatin"
96,heading,"Brooms, brushes (including brushes constituting parts of machines, appliances or vehicles), hand-operated mechanical floor sweepers, not motorised, mops and feather dusters; prepared knots and tufts for broom or brush making; paint pads and rollers; squeegees (other than roller squeegees)"
96,heading,Hand sieves and hand riddles
96,heading,"Travel sets for personal toilet, sewing or shoe or clothes cleaning"
96,heading,"Buttons, press-fasteners, snap-fasteners and press studs, button moulds and other parts of these articles; button blanks"
96,heading,Slide fasteners and parts thereof
96,heading,"Ballpoint pens; felt-tipped and other porous-tipped pens and markers; fountain pens, stylograph pens and other pens; duplicating stylos; propelling or sliding pencils; pen-holders, pencil-holders and similar holders; parts (including caps and clips) of the foregoing articles, other than those of heading 9609"
96,heading,"Pencils (other than pencils of heading 9608), crayons, pencil leads, pastels, drawing charcoals, writing or drawing chalks and tailors' chalks"
96,heading,"Slates and boards, with writing or drawing surfaces, whether or not framed"
96,heading,"Date, sealing or numbering stamps, and the like (including devices for printing or embossing labels), designed for operating in the hand; hand-operated composing sticks and hand printing sets incorporating such composing sticks"
96,heading,"Typewriter or similar ribbons, inked or otherwise prepared for giving impressions, whether or not on spools or in cartridges; ink-pads, whether or not inked, with or without boxes"
96,heading,"Cigarette lighters and other lighters, whether or not mechanical or electrical, and parts thereof other than flints and wicks"
96,heading,"Smoking pipes (including pipe bowls) and cigar or cigarette holders, and parts thereof"
96,heading,"Combs, hair-slides and the like; hairpins, curling pins, curling grips, hair-curlers and the like, other than those of heading 8516, and parts thereof"
96,heading,"Scent sprays and similar toilet sprays, and mounts and heads therefor; powder-puffs and pads for the application of cosmetics or toilet preparations"
96,heading,"Vacuum flasks and other vacuum vessels, complete; parts thereof other than glass inners"
96,heading,Tailors' dummies and other lay figures; automata and other animated displays used for shop window dressing
96,heading,"Sanitary towels (pads) and tampons, napkins (diapers), napkin liners and similar articles, of any material"
96,heading,"Monopods, bipods, tripods and similar articles"
97,chapter,"WORKS OF ART, COLLECTORS' PIECES AND ANTIQUES"
97,heading,"Paintings, drawings and pastels, executed entirely by hand, other than drawings of heading 4906 and other than hand-painted or hand-decorated manufactured articles; collages, mosaics and similar decorative plaques"
97,heading,"Original engravings, prints and lithographs"
97,heading,"Original sculpture and statuary, in any material"
97,heading,"Postage or revenue stamps, stamp-postmarks, first-day covers, postal stationery (stamped paper), and the like, used or unused, other than those of heading 4907"
97,heading,"Collections and collectors’ pieces of archaeological, ethnographic, historical, zoological, botanical, mineralogical, anatomical, paleontological or numismatic interest"
97,heading,Antiques of an age exceeding 100 years
